breed,breed_info_text
afador,"The Afador is a mixed breed dog–a cross between the Afghan Hound and Labrador Retriever dog breeds. Loyal, energetic, and affectionate, these pups inherited some of the best qualities from both of their parents."
affenhuahua,"The Affenhuahua is a mixed breed dog–a cross between the Chihuahua and Affenpinscher dog breeds. Petite, sassy, and highly energetic, these pups inherited some of the best traits from both of their parents."
affenpinscher,"Dogs of the Affenpinscher breed were originally created to act as ratters in homes, stables, and shops. Bred down in size, they moved up in the world, becoming ladies’ companions. Today, they are happy, mischievous companion dogs."
afghan-hound,"The Afghan Hound is elegance personified. This unique, ancient dog breed has an appearance quite unlike any other: dramatic silky coat, exotic face, and thin, fashion-model build. Looks aside, Afghan enthusiasts describe this hound as both aloof and comical."
airedale-terrier,"Known as the “King of Terriers,” the Airedale is indeed the largest of all terriers. The dog breed originated in the Aire Valley of Yorkshire and was created to catch otters and rats in the region between the Aire and Wharfe Rivers. An able sporting dog, they became an ideal working dog as well, proving their worth during World War I."
akbash,"The Akbash is a rare, purebred dog from the country of Turkey. Loyal, alert, and intelligent, these pups have some of the best qualities you could ask for."
akita,"The Akita is a large and powerful dog breed with a noble and intimidating presence. They were originally used for guarding royalty and nobility in feudal Japan. These dogs also tracked and hunted wild boar, black bear, and sometimes deer."
akita-chow,"The Akita Chow is a mixed breed dog–a cross between the Akita and Chow Chow dog breeds. Large, independent, and loyal, these pups inherited some of the best traits from both of their parents."
akita-pit,"The Akita Pit is a mixed breed dog–a cross between the Akita and American Pit Bull Terrier dog breeds. Intelligent, protective, and loyal, these pups inherited some of the best traits from both of their parents."
akita-shepherd,"An Akita Shepherd is a mixed breed dog–a cross between the Akita and German Shepherd Dog breeds. Stoic, loyal, and hard-working, these pups inherited some of the best traits from both of their parents."
alaskan-klee-kai,"Small, smart, and energetic, the Alaskan Klee Kai is a relatively new breed that looks like a smaller version of the Siberian Husky. Even the name “Klee Kai” comes from an Inuit term meaning “small dog.”"
alaskan-malamute,"The Alaskan Malamute features a powerful, sturdy body built for stamina and strength. It reigns as one of the oldest dog breeds whose original looks have not been significantly altered. This intelligent canine needs a job and consistent leadership to avoid becoming bored or challenging to handle."
american-bulldog,"The American Bulldog is stocky and muscular, but also agile and built for chasing down stray cattle and helping with farm work. In fact, some are known to jump six feet or more into the air."
american-english-coonhound,"A descendent of the English Foxhound, the American English Coonhoound is a hunting dog breed known for their speed, endurance, and loud voice in the field. The’ll bark and bay at home, too, making them a poor choice if you’ve got nearby neighbors. They need lots of exercise."
american-eskimo-dog,"Called “the dog beautiful” by admirers, the American Eskimo Dog, or “Eskie,” is a striking canine with their white coat, sweet expression, and black eyes. They’re a Nordic dog breed, a member of the Spitz family."
american-foxhound,"Easygoing, sweet, kind, and loyal, the American Foxhound dog breed belongs to a way of life that has continued for more than two centuries, but they have the potential to be a modern-day companion as well."
american-hairless-terrier,"The American Hairless Terrier is the only hairless dog breed indigenous to the United States, and the breed’s creation was something of a happy accident. Today, the breed is known as an active companion dog and an especially great choice for allergy sufferers."
american-leopard-hound,"The American Leopard Hound is a purebred dog whose ancestors came from Mexico by way of Spanish conquistadors who sailed to North America. They are energetic, sociable, and intelligent pooches who possess all-around great traits."
american-pit-bull-terrier,"The American Pit Bull Terrier is a companion and family dog breed. Originally bred to “bait” bulls, the breed evolved into all-around farm dogs, and later moved into the house to become “nanny dogs” because they were so gentle around children."
american-pugabull,"The American Pugabull is a mixed breed dog — a cross between the American Bull Dog and Pug dog breeds. Medium in size, alert, and loyal, these pups inherited some of the best qualities from both of their parents."
american-staffordshire-terrier,"The American Staffordshire Terrier is a muscular breed known for being strong for its size; however, they’re also loving and affectionate with human family members. American Staffordshire Terriers enjoy nothing more than being with the humans they care about, whether they’re out for a jog, playing in the yard, or cuddling up on the couch."
american-water-spaniel,"The American Water Spaniel was bred to be an all-around hunting dog. Specializing in waterfowl, these skilled swimmers will happily retrieve from small boats, protected by their water-resistant double coats."
anatolian-shepherd-dog,"The Anatolian Shepherd Dog is a native of Turkey, where they were bred as a shepherd’s companion and livestock guardian. They were created with specific traits to resemble the size and color of livestock they defended so predators wouldn’t detect them among the flock."
appenzeller-sennenhunde,"The Appenzeller Sennenhunde originated as an all-around farm dog breed, who stayed busy herding the livestock, guarding the farm, and pulling carts in their native Switzerland. Today’s Appenzellers still have the energy, smarts, and self-confidence that makes for valuable working dogs — but they’re anything but low-maintenance."
auggie,"The Auggie is a mixed breed dog–a cross between the Australian Shepherd and Corgi, and typically, the Miniature Australian Shepherd and the Pembroke Welsh Corgi. Friendly, energetic, and playful, these mixed breed herding dogs make great companions for the whole family."
aussiedoodle,"The Aussiedoodle is a mixed breed dog — a cross between the Australian Shepherd and Poodle dog breeds. Incredibly smart, playful, and loyal, these pups inherited some of the best qualities from both of their parents."
aussiepom,"The Aussiepom is a mixed breed dog — a cross between the Australian Shepherd and Pomeranian dog breeds. Affectionate, fun-loving, and nothing short of adorable, these pups inherited some of the best traits from their parents."
australian-cattle-dog,"The Australian Cattle Dog is an extremely intelligent, active, and sturdy dog breed. Developed by Australian settlers to handle herds of cattle on expansive ranches, they’re still used today as a herding dog. They thrive on having a job to do and on being part of all family activities."
australian-kelpie,"The Australian Kelpie was originally bred to have the energy, intelligence, and independence to herd livestock all day in the hot Australian climate without much need for supervision. They retain those qualities to this day."
australian-retriever,"The Australian Retriever is a mixed breed dog–a cross between the Australian Shepherd and Golden Retriever dog breeds. Loyal, intelligent, and friendly, these pups inherited some of the best traits from both of their parents."
australian-shepherd,"Despite their name, the Australian Shepherd dog breed originated in the western United States, not Australia, around the time of the Gold Rush in the 1840s. Originally bred to herd livestock, they remain a working dog at heart."
australian-shepherd-husky,The Australian Shepherd Husky is a mixed breed dog — a cross between the Australian Shepherd and Siberian Husky dog breeds. These active dogs are protective and loyal and inherited some of the best traits from both of their parents.
australian-shepherd-lab-mix,"The Australian Shepherd Lab Mix is a mixed breed dog — a cross between the Australian Shepherd and the Labrador Retriever dog breeds. Medium in size, energetic, and loyal, these pups inherited some amazing traits from both of their parents."
australian-shepherd-pit-bull-mix,"The Australian Shepherd Pit Bull Mix is a mixed breed dog — a cross between the Australian Shepherd and Pit Bull dog breeds. Energetic, loyal, and quick to learn new things, these pups inherited some of the best traits from both of their parents."
australian-stumpy-tail-cattle-dog,"The Australian Stumpy Tail Cattle Dog, named for their characteristic short or sometimes non-existent tail, is a descendant of wild dingoes and domesticated herding dogs from the late 19th century. Although similar to the popular Australian Cattle Dog, the Australian Stumpy Tail Cattle Dog is leaner, tailless, and more alert when it comes to strangers and new situations."
australian-terrier,"The Australian Terrier was developed in Australia, as their name implies. Bred to hunt rodents and snakes, Australian Terriers were also prized as watchdogs and companions. Today, the breed maintains those same traits: they’re delightful companions, fierce earthdog competitors, and conformation and obedience showdogs."
azawakh,"A dog breed named for the Azawakh Valley in the Sahara desert where they originated, this is a lean and swift hunter with a regal presence. They’re proud but loyal and protective of their home and family."
barbet,This woolly sporting dog breed is fun-loving and smart. The Barbet was bred for retrieving waterfowl for hunters — and has the webbed feet to prove it — but they’re also a talented agility competitor in their native France.
basenji,"Out of Africa, the Basenji dog breed was originally found in the Congo. These dogs use both scent and sight to hunt and were originally used to flush small game into hunters’ nets and to control village rodent populations. These days, they also make for great, loving, furry family members."
bassador,"The Bassador is a mixed breed dog–a cross between the Basset Hound and the Labrador Retriever dog breeds. Loyal, sometimes stubborn, and always sniffing around, these pups inherited some of the best traits from both of their parents."
basset-fauve-de-bretagne,"The Basset Fauve de Bretagne is a purebred dog from France. These pups are intelligent, friendly, and active, which are great qualities for a hound dog."
basset-hound,"The Basset Hound dog breed was bred for hunting small game such as rabbits and is still used for this purpose in some parts of the United States. When they’re not on the trail of a bunny, they’re laid-back family friends who love kids."
basset-retriever,"The Basset Retriever is a mixed breed dog–a cross between the Basset Hound and Golden Retriever dog breeds. Friendly, affectionate, and intelligent, these pups inherited some of the best qualities from both of their parents."
bavarian-mountain-scent-hound,"The Bavarian Mountain Scent Hound is a purebred dog originally from Germany. These pups are loyal, intelligent, and reserved, which are some of the best traits for a Hound dog breed."
beabull,"The Beabull is a mixed breed dog — a cross between the Beagle and the English Bulldog breeds. Loyal, curious, and loving, these pups inherited some of the best qualities from both of their parents."
beagle,"Small, compact, and hardy, Beagles are active companions for kids and adults alike. Canines of this dog breed are merry and fun loving, but being hounds, they can also be stubborn and require patient, creative training techniques."
beaglier,"The Beaglier is a mixed breed dog — a cross between the Beagle and Cavalier King Charles Spaniel dog breeds. Compact, energetic, and loyal, these pups inherited some of the best qualities from both of their parents."
bearded-collie,"The Bearded Collie dog breed was developed in Scotland to herd sheep and cattle in any weather or terrain. They function today as excellent family companions, show dogs, working sheepdogs, or even all three."
bedlington-terrier,"The Bedlington Terrier dog breed originated as a killer of vermin and hunter’s sidekick. Today Bedlingtons excel as companions and in the show ring. Although they still have excellent hunting instincts, a keen sense of smell, and the will to go to ground, they are rarely used in the field."
belgian-malinois,"Canines of the Belgian Malinois dog breed were originally bred to be herding dogs. Today, they also work as police and military dogs, protection dogs, and loving family members."
belgian-sheepdog,"The medium-sized Belgian Sheepdog is a herding dog breed that originated in Belgium where these dogs were used to herd sheep. They later graduated to police work, and today their versatility makes them suitable for many jobs and dog sports."
belgian-tervuren,"Created in Belgium in the late 19th century, the Belgian Tervuren dog breed is often considered to be the most elegant of the four Belgian sheepdogs. They’re intelligent and athletic, making them a versatile performer in any number of activities, including their original job, herding."
bergamasco-sheepdog,"An ancient breed, the Bergamasco Sheepdog was developed by shepherds as herding and guarding dogs. Today, the intelligent breed, most famous for their unique matted, mop-like coats, is known as a friendly and social companion and show dog."
berger-picard,"Also known as the Picardy Shepherd, the Berger Picard dog breed is thought to be the oldest of the French sheepdogs. Their scruffy looks and lively intelligence have won them plenty of fans over the centuries, and more recently, they’ve won movie roles."
bernedoodle,"Clever, goofy, gentle, and loyal. Bernedoodle fans boast that this mixed breed has the best of both worlds from its Bernese Mountain Dog and Poodle parents."
bernese-mountain-dog,"The Bernese Mountain Dog is an extremely versatile working dog from the farmlands of Switzerland. They were developed to herd cattle, pull carts, and be watchdogs and loyal companions. They’re one of four types of Swiss Mountain Dogs, and the only one with long hair."
bichon-frise,"The Bichon Frise (pronounced BEE-shawn FREE-say; the plural is Bichons Frises) is a cheerful, small dog breed with a love of mischief and a lot of love to give. With their black eyes and fluffy white coat, the Bichon looks almost like a child’s toy."
biewer-terrier,"The Biewer Terrier is a rare purebred dog created through the occurrence of a recessive piebald gene in two Yorkshire Terriers. These dogs are friendly, playful, and energetic, which are some of their best qualities."
black-and-tan-coonhound,"Born in the USA, the outgoing and friendly Black and Tan Coonhound is a versatile companion who shines in the show ring and field. At home, they’re a superb playmate, jogging or walking companion, and bed warmer."
black-mouth-cur,"Energetic, fearless, and strong, the Black Mouth Cur is valued as an all-around working dog bred to help farmers and hunters in the rugged terrain of the southeastern United States."
black-russian-terrier,"These majestic black beauties are highly intelligent, confident guard dogs who aren’t actually true terriers. Relatively new and still a rare dog breed, the Black Russian Terrier is a working dog who can protect a home or business, play with the family’s children, and excel in agility and obedience competition."
bloodhound,"The Bloodhound’s ancestors were created in medieval France to trail deer and boar. Today, this is a highly active and intelligent dog breed whose keen sense of smell has found them a special place in law enforcement and search and rescue. Their fans love them for their sweet nature and unique appearance."
blue-lacy,"The Blue Lacy, also called the Lacy Dog, is an energetic, intelligent, and trainable breed that loves having a job to do and a lot of open space to run around."
bluetick-coonhound,"Fast and muscular, the Bluetick Coonhound dog breed stands out for their striking coat. They have a pleasantly pleading expression and a big bawl mouth — meaning they have a long, drawn out bark. Although they’re a hunter first and foremost, the Bluetick can be a fine housedog and loves their people."
bocker,"The Bocker is a mixed breed dog — a cross between the Cocker Spaniel and Beagle dog breeds. Small, affectionate, and curious by nature, these pups inherited some of the best qualities from both of their parents."
boerboel,"At first glance, you might think the large, intimidating Boerboel would make an excellent guard dog, and you’d be correct. However, this breed is equally known for being loving, calm, and family-friendly, especially towards human children."
boglen-terrier,"The Boglen Terrier is a mixed breed dog — a cross between the Beagle and Boston Terrier dog breeds. These dogs are known to be playful, spunky, loyal, and often times, stubborn. This lovable and perky mix has proven to become quite popular among owners from various backgrounds. "
bohemian-shepherd,"The Bohemian Shepherd dog breed originated in the Czech Republic around the 1300s in the Chodsko region, hence why these dogs were commonly called the Chodský pes. They were first used as guard dogs and as herding dogs. Today, they make great family pets who will protect and watch over their humans."
bolognese,"A true companion dog, the Bolognese dog breed loves to be at their family’s side. However, they also loves getting their way and can be quite crafty about it, so be careful — you could find yourself being manipulated by a ten-pound furball."
borador,"The Borador is a mixed breed dog — a cross between the Border Collie and Labrador Retriever dog breeds. Outgoing, curious, and energetic, these pups inherited some of the best qualities from both of their parents."
border-collie,"The Border Collie dog breed was developed to gather and control sheep in the hilly border country between Scotland and England. They’re known for their intense stare, or “eye,” with which they control their flock. They’re dogs with unlimited energy, stamina, and working drive, all of which make them a premier herding dog; Border Collies are still used today to herd sheep on farms and ranches around the world."
border-sheepdog,"The Border Sheepdog is a mixed breed dog — a cross between the Border Collie and Shetland Sheepdog breeds. Energetic, intelligent, and playful, these pups inherited some of the best traits from both of their parents."
border-terrier,"The alert, good-natured Border Terrier was originally bred to assist in foxhunts by driving foxes out of their hiding places and out into the open for the hounds to chase. Nowadays, they make great family members who adore their humans."
bordoodle,"The Bordoodle is a mixed breed dog — a cross between the Border Collie and Poodle dog breeds. Friendly, playful, and intelligent, these pups inherited some of the best qualities from both of their parents."
borzoi,"The Borzoi dog breed was developed in Russia as a coursing and hunting dog. These hounds hunted in teams of three to go after rabbit, foxes, and wolves. They later became popular as a companion for royalty across continental Europe."
boshih,"The BoShih is a mixed breed dog — a cross between the Shih Tzu and Boston Terrier breeds. Small, inquisitive and affectionate, these pups inherited some of the best qualities from both of their parents."
bossie,"The Bossie is a mixed breed dog — a cross between the Boston Terrier and Australian Shepherd dog breeds. Medium in size, energetic, and loyal, these pups inherited some of the best qualities from both of their parents."
boston-boxer,"The Boston Boxer is a mixed breed dog–a cross between the Boston Terrier and Boxer dog breeds. Friendly, intelligent, and playful, these pups inherited some of the best traits from both of their parents."
boston-terrier,"The Boston Terrier has been popular since their creation a little more than a century ago. They were originally bred to be fighting dogs, but today, they’re gentle, affectionate companions with tuxedo-like markings that earned them the nickname “American Gentleman.”"
boston-terrier-pekingese-mix,"The Boston Terrier Pekingese Mix is a mixed breed dog — a cross between the Boston Terrier and Pekingese dog breeds. Compact, smart, and loyal, these pups inherited some of the best qualities from both of their parents."
bouvier-des-flandres,"The Bouvier des Flandres was originally bred to be a versatile farm dog. They helped farmers in a multitude of tasks, including herding livestock (particularly cattle), pulling carts, and guarding. The hard-working and intelligent Bouvier is still an ideal farm dog, as well as a capable service, assistance, law enforcement, and guard dog."
boxador,"The Boxador is a mixed breed of dog–a cross between the Boxer and Labrador Retriever dog breeds. Medium to large in size, intelligent, and totally devoted to their families, these pups inherited some of the best qualities from both of their parents."
boxer,"Boxer dogs were originally bred to be medium-size guard dogs. Today, although they are a part of the AKC’s Working Group, Boxers mostly find homes as loving family companions. That said, they still retain their high energy levels and need plenty of exercise."
boxerdoodle,"The Boxerdoodle is a mixed breed dog — a cross between the Boxer and Poodle dog breeds. Friendly, smart, and playful, these pups inherited some of the best qualities from both of their parents."
boxmatian,"The Boxmatian is a mixed breed dog — a cross between the Boxer and Dalmatian dog breeds. Playful, goofy, and protective, these pups inherited some of the best qualities from both of their parents."
boxweiler,"The Boxweiler is a mixed breed dog—a cross between the Boxer and Rottweiler dog breeds. Loving, loyal, and bright, these pups inherited some of the best qualities from both of their parents."
boykin-spaniel,"Dogs of the Boykin Spaniel breed are known for their hunting skills, but they make just as good companions to families as to hunters, thanks to their smarts and their friendly confidence. The family should be an active one, however; this dog needs lots of exercise."
bracco-italiano,"In their native Italy, the Bracco Italiano is known as a hunting dog breed, but they’re also gaining notice as a sweet and affectionate family companion. With their long ears, droopy lips, and soulful expression, the Bracco Italiano has a distinctive look. They’re believed to be an ancient breed, dating back to the fourth or fifth century B.C."
braque-du-bourbonnais,"The Braque du Bourbonnais is an ancient purebred pointing dog originally from the country of France. Affectionate, calm, and intelligent, these pups have some of the best qualities of any dog breed out there today."
briard,"Underneath the Briard’s long, shaggy coat lies a bold spirit and keen intelligence. True to their French roots, they can be aloof with strangers, but are affectionate and loving toward members of their pack."
brittany,"Brittanys were bred as gundogs, and they definitely have birds on the brain. Although they’re often called Brittany Spaniels, the American Kennel Club dropped the word “spaniel” from this pointing breed’s name in 1982."
broholmer,"The Broholmer is a large purebred dog from Denmark in northern Europe. Calm, protective, and friendly, this pup has some of the best qualities of any dog breed around!"
brussels-griffon,"Originally bred to hunt and kill rats, this former Belgian street dog is a distinctive and unusual dog breed. Although the Brussels Griffon is small, they’re hardly a pampered pooch. Affectionate and lively, their intelligence, sense of humor, and air of self-importance keep them one step ahead of their people, who adore their pups anyway."
bugg,"The Bugg is a mixed breed dog — a cross between the Boston Terrier and Pug dog breeds. Intelligent, affectionate, and spunky, these pups inherited some of the best traits from both of their parents."
bull-arab,"The Bull Arab is a hybrid breed dog with ancestry linked to the English Bull Terrier, Greyhound, shorthair Pointers, and later, larger breeds like the Mastiff and Great Dane. Strong, loyal, and active, the Bull Arab inherited some of the best qualities from their lineage."
bull-pei,"The Bull-Pei is a mixed breed dog–a cross between the Chinese Shar-Pei and English Bulldog breeds. Medium in size, loving, and loyal, these pups inherited some of the best traits from both of their parents."
bull-terrier,"The Bull Terrier was originally developed in the 19th century as a fighting dog and, later, a fashionable companion for gentlemen, but these days they’re a family companion and show dog. They’re a dog breed distinguished by their long, egg-shaped head."
bullador,"The Bullador is a mixed breed dog–a cross between the Labrador and English Bulldog breeds. These pups fall into the medium-to-large size range. Active and loyal, Bulladors inherited some of the best traits from both of their parents."
bullboxer-pit,"The Bullboxer Pit is a mixed breed dog — a cross between the Boxer and American Pit Bull Terrier dog breeds. Powerful, faithful, and energetic, these pups inherited some of the best traits from both of their parents."
bulldog,"The Bulldog was originally used to drive cattle to market and to compete in a bloody sport called bullbaiting. Today, they’re gentle companions who love kids."
bullmastiff,"The Bullmastiff dog breed is a firm and fearless family guardian. While standoffish toward strangers, they’ve got a soft spot for their loved ones."
bullmatian,"The Bullmatian is a mixed breed dog — a cross between the Bulldog and Dalmatian dog breeds. Loving, energetic, and friendly, these pups inherited some of the best qualities from both of their parents."
cairn-terrier,"The Cairn Terrier dog breed is a small working terrier developed on the Isle of Skye in Scotland. Farmers used them to rid their property of vermin, and they needed a dog with courage, tenacity, and intelligence—characteristics still found in today’s Cairn."
canaan-dog,"The Canaan Dog is a pariah dog that has survived in the desert region of Israel for thousands of years. Believed to be the dog breed that the Hebrews used in biblical times to herd and guard their flocks and encampments, some are still used by Bedouins and Druse for this purpose today."
cane-corso,The Cane Corso is a working dog who absolutely loves having a job to do. This old Italian dog breed was developed to guard property and hunt big game such as wild boar.
cardigan-welsh-corgi,"The Cardigan Welsh Corgi is the older of the two Corgi dog breeds, with dogs of this type believed to have existed in Wales for more than 3,000 years."
carolina-dog,"Indigenous to the United States, the Carolina Dog is a rare, primitive dog breed and relatively new to domesticity. They are medium in size, agile, and independent; they’re also known for being very clean dogs."
catahoula-bulldog,"The Catahoula Bulldog is a mixed breed dog–a cross between the Catahoula Leopard Dog and American Bulldog dog breeds. Agile, energetic, and loyal, these pups inherited some of the best qualities from both of their parents."
catahoula-leopard-dog,"The Catahoula Leopard Dog breed has a striking appearance and a strong work ethic. They’re a tough dog, bred to work in swamps and forests, and they require a leader who is firm and consistent, with time to keep them occupied."
caucasian-shepherd-dog,"Loyal, strong, and courageous, the Caucasian Shepherd Dog is a fierce family protector. They were bred to care for flocks and defend the home against wild predators in the rough Caucasus Mountain region. They’re also known as Caucasian Mountain Dogs, Russian Bear Dogs, Baskhan (Karachay) Pariy, Caucasian Ovcharka Dogs, or just CO, and there are many variants and types."
cav-a-jack,"The Cav-a-Jack is a mixed breed dog–a cross between the Cavalier King Charles Spaniel and Jack Russell Terrier dog breeds. Energetic, friendly, and playful, these pups inherited some of the best qualities from both of their parents."
cavachon,"The Cavachon is a mixed breed dog–a cross between the Cavalier King Charles Spaniel and Bichon Frise dog breeds. Compact, spunky, and full of fun, these pups inherited some of the best traits from both of their parents."
cavador,"The Cavador is a mixed breed dog — a cross between the Cavalier King Charles Spaniel and Labrador Retriever dog breeds. Friendly, loving, and intelligent, these pups inherited some of the best qualities from both of their parents."
cavalier-king-charles-spaniel,"Although they’re born to be a companion, the Cavalier King Charles Spaniel dog breed retains the sporty nature of their spaniel ancestors. If they’re not sitting on a lap or getting a belly rub, nothing makes them happier than to flush a bird and then attempt to retrieve it."
cavapoo,"The Cavapoo is a mixed breed dog — a cross between the Cavalier King Charles Spaniel and Poodle dog breeds. Outgoing, playful, and curious, these pups inherit some of the best traits from both of their parents."
central-asian-shepherd-dog,"The Central Asian Shepherd Dog is a big, strong, and independent dog breed. These purebred dogs go by several other names, including Central Asian Ovtcharka, Middle Asian Ovtcharka, and Mid-Asian Shepherd. One of the oldest breeds, these pups genetics can be traced back over 5,000 years."
cesky-terrier,"The Czech native Cesky Terrier dog breed descends from the Scottish Terrier and Sealyham Terrier. The Cesky Terrier was created to hunt vermin, but with their loving personality, moderate exercise needs, and small size, they make for a great companion dog, too."
chabrador,"The Chabrador is a mixed breed dog–a cross between the Chow Chow and Labrador Retriever dog breeds. Loyal, friendly, and independent, these pups inherited some of the best qualities from both of their parents."
cheagle,"The Cheagle is a mixed breed dog — a cross between the Chihuahua and Beagle dog breeds. Compact, energetic, and loyal, these pups inherited some of the best qualities from both of their parents."
chesapeake-bay-retriever,"The Chesapeake Bay Retriever dog breed originated as a water dog used to hunt and retrieve ducks in the chilly chop of Maryland’s Chesapeake Bay. The dog’s sturdy build, dense coat, stamina, and strength made them ideal for this purpose."
chi-chi,"The Chi Chi is a mixed breed dog — a cross between the Chihuahua and Chinese Crested dog breeds. Small, energetic, and alert, these pups inherited some of the best qualities from both of their parents."
chi-poo,"The Chi-Poo is a mixed breed dog — a cross between the Chihuahua and Toy or Teacup Poodle dog breeds. Compact, energetic, and great with kids, these pups inherited some of the best qualities from both of their parents."
chigi,"The Chigi is a mixed breed dog — a cross between the Chihuahua and Corgi dog breeds. While they may be small, they’re very alert, affectionate, and playful. These pups inherited some of the best qualities from both of their parents."
chihuahua,"The Chihuahua dog breed‘s charms include their small size, big personality, and variety in coat types and colors. They’re all dog, fully capable of competing in dog sports such as agility and obedience, and are among the top ten watchdogs recommended by experts."
chilier,"The Chilier is a mixed breed dog–a cross between the Chihuahua and Cavalier King Charles Spaniel dog breeds. Friendly, sociable, and affectionate, these pups inherited some of the best traits from both of their parents."
chinese-crested,You won’t find a better dog breed than the Chinese Crested to be a couch potato’s companion. They can almost read your mind and will lie in bed for hours without moving a muscle.
chinese-shar-pei,"Though the Chinese Shar-Pei is the 134th breed recognized by the American Kennel Club, the dog breed has been around for hundreds of years. They were developed to guard, hunt, herd, and later on to fight, unfortunately. Today, they’re known for their characteristic short, bristly coat, loose, wrinkled skin, and devotion to their family."
chinook,"Created in the White Mountains of New Hampshire, the Chinook dog breed made its name on Admiral Byrd’s first Antarctic expedition in 1928. These days they’re multipurpose dogs who are happy hiking, competing in agility and other dog sports, pulling a sled or other conveyance, and playing with the kids."
chion,"The Chion is a mixed breed dog — a cross between the Chihuahua and Papillon dog breeds. Petite, playful, and loyal, these pups inherited some of the best qualities from both of their parents"
chipin,"The Chipin is a mixed breed dog — a cross between the Chihuahua and Miniature Pinscher dog breeds. Compact, happy, and fast learners, these pups inherited some of the best qualities from both of their parents. Parental breed research can offer much insight into their temperament and behaviors."
chiweenie,"The Chiweenie is a mixed breed dog — a cross between the Chihuahua and Dachshund dog breeds. Compact, energetic, and loyal, these pups inherited some of the best traits from both of their parents."
chorkie,"The Chorkie is a mixed breed dog–a cross between the Chihuahua and Yorkshire Terrier dog breeds. Playful, devoted, and outgoing, these small pups inherited some of the best traits from both of their parents."
chow-chow,"The distinctive-looking Chow Chow dog breed has a proud, independent spirit that some describe as catlike. They can be aloof — if you’re looking for a cuddle buddy, this probably isn’t the best breed for you — and downright suspicious of strangers. But for the right person, they can be a fiercely loyal companion."
chow-shepherd,"The Chow Shepherd is a mixed breed dog–a cross between the Chow Chow and German Shepherd dog breeds. Medium to large in size, protective, and playful, these pups inherited some of the best traits from both of their parents."
chug,"The Chug is a mixed breed dog — a cross between the Chihuahua and the Pug. Playful, loyal, and small, the Chug has some of the best traits of both of their compact, loving parents."
chusky,"The Chusky is a mixed breed dog — a cross between the Chow Chow and Siberian Husky dog breeds. Curious, headstrong, and loving, these dogs inherited some of the best qualities from both of their parents."
cirneco-delletna,"The Cirneco dell’Etna (Pronounced “cheer-NECK-oh del et-na”) is a purebred dog from the island of Sicily. Gentle, alert, and independent, these pups have some of the best traits of any dog breed around today."
clumber-spaniel,"The Clumber Spaniel dog breed was originally created to find and retrieve game birds for hunters. Today, there is an effort to re-establish the Clumber Spaniel as an exceptional gundog, and many Clumber Spaniels compete in field trials."
cockalier,"The Cockalier is a mixed breed dog — a cross between the Cavalier King Charles Spaniel and Cocker Spaniel dog breeds. Friendly, gentle, and intelligent, these pups inherited some of the best traits from both of their parents."
cockapoo,"An adorable, small dog with the personality of a big clown, the Cockapoo is perhaps the first of the “designer dogs” (not a purebred dog breed), dating back to the 1960s, rather than to just a few years ago."
cocker-spaniel,"The Cocker Spaniel is primarily a beloved companion dog breed, though they remain a capable bird dog at heart. Beautiful to look at–and labor-intensive to groom–the Cocker’s amenable, cheerful disposition also makes them a treat to have in the family."
collie,"The Collie dog breed is a native of Scotland, mostly of the Highland regions but also bred in the Scottish Lowlands and northern England, where they were used primarily as a herding dog. They’re great family companions and are still capable herding dogs."
corgi-inu,"The Corgi Inu is a mixed breed dog — a cross between the Shiba Inu and the Corgi dog breeds. With the adorable looks of a fox, these vigilant, affable pups inherited some of the best qualities from both of their parents."
corgidor,"The Corgidor is a mixed breed dog — a cross between the Corgi and Labrador Retriever dog breeds. Mid-sized, even tempered, and energetic, these pups inherited some of the best traits from both of their parents."
corman-shepherd,"The Corman Shepherd is a mixed breed dog — a cross between the Corgi and the German Shepherd Dog breeds. Loyal, courageous, and a bit stubborn, these pups inherited some of the best qualities from both of their parents."
coton-de-tulear,"Sweet and cuddly with a clownish personality, the Coton de Tulear dog breed is always ready for a good time. This smart little dog with the cottony coat originated in Madagascar and is related to the Bichon Frise and the Maltese."
croatian-sheepdog,"The Croatian Sheepdog is an ancient breed, believed to be developed as far back as the 7th century CE by the Croats as herding dogs. These dogs are nearly identical to their ancient appearance today. Fans of the breed adore their intelligence and energetic disposition."
curly-coated-retriever,"Created to retrieve game from land or water, the Curly-Coated Retriever dog breed was popular with English gamekeepers, hunters, and poachers alike. Today they compete in such dog sports as field trials, agility, obedience, and flyball and have found use as therapy dogs, drug sniffing dogs, and search and rescue dogs."
dachsador,"The Dachsador is a mixed breed dog–a cross between the Dachshund and Labrador Retriever dog breeds. Lively, active, and friendly, these pups inherited some of the best qualities from both of their parents."
dachshund,"Dachshunds are scent hound dogs bred to hunt badgers and other tunneling animals, rabbits, and foxes. Hunters even used packs of Dachshunds to trail wild boar. Today their versatility makes them excellent family companions, show dogs, and small-game hunters."
dalmatian,"Best known as the star of Disney’s 101 Dalmatians, this sleek and athletic Dalmatian dog breed has a history that goes back several hundred years. They started out as a coach dog but also served in many other capacities, including hunter, firehouse dog, and circus performer."
dandie-dinmont-terrier,"Dandie Dinmont Terriers originally were bred to hunt otter and badger. Nicknamed the gentleman of the terrier family, they’re calm and reserved, yet retain their terrier tenacity and love of the hunt."
daniff,"The Daniff is a mixed breed dog — a cross between the English Mastiff and Great Dane dog breeds. Lovable, intelligent, and protective, these pups inherited the best qualities from both of their parents."
danish-swedish-farmdog,"The Danish-Swedish Farmdog (DSF) or Dansk-svensk gårdshund dog breed is also known as Danish Pinscher. These dogs come from Denmark and southern Sweden. They traditionally lived on farms and were bred to perform several jobs, including hunting, tracking, and keeping watch."
deutscher-wachtelhund,"The Deutscher Wachtelhund is a rare purebred dog originating from Germany. Friendly, intelligent, and versatile, this adorable pup has some of the best qualities you can find in any dog breed."
doberdor,"The Doberdor is a mixed breed dog–a cross between the Doberman Pinscher and Labrador Retriever dog breeds. Intelligent, protective, and loyal, these pups inherited some of the best qualities from both of their parents."
doberman-pinscher,"Doberman Pinschers originated in Germany during the late 19th century, mostly bred as guard dogs. Their exact ancestry is unknown, but they’re believed to be a mixture of many dog breeds, including the Rottweiler, Black and Tan Terrier, and German Pinscher."
docker,"The Docker is a mixed breed dog — a cross between the Dachshund and Cocker Spaniel dog breeds. They range in size from small to medium and enjoy lounging around with intervals of playtime. Fetch, hiking, or squirrel chasing would be ideal. These pups inherited some of the best qualities from both of their parents."
dogo-argentino,"The Dogo Argentino, sometimes called the Argentinian Mastiff or the Argentine Dogo, is a strong, athletic, and loyal breed. They can be both fierce hunters and gentle protectors of their humans. They have a high prey drive, a strong will, and, at times, a distrust of strangers and other animals, all of which require an experienced dog owner to handle the breed."
dogue-de-bordeaux,"This dog breed‘s most famous member co-starred with Tom Hanks in the 1989 movie, Turner and Hooch. Loyal, self-assured, and territorial, the Dogue de Bordeaux requires lots of training and socialization."
dorgi,"The Dorgi is a mixed breed dog–a cross between the Dachshund and Corgi dog breeds. Loyal, friendly, and intelligent, these pups inherited some of the best qualities from both of their parents."
dorkie,"The Dorkie is a mixed breed dog — a cross between the Dachshund and Yorkshire Terrier. Laid-back and loyal, these pint-sized pups inherited some of the best qualities from both of their parents."
doxiepoo,"If you were the type of kid who wasn’t afraid to choose the “mystery” flavor of candy in a bag, a Dachshund Poodle — or Doxiepoo — may be for you. While this mixed breed can have famously endless combinations of traits, they are known for being affectionate, intelligent, and playful."
doxle,"A cross between Dachshund and Beagle dog breeds, the Doxle is an adorable family watchdog. Affectionate, playful, and inquisitive, Doxles combine some of the best characteristics of both parents."
drentsche-patrijshond,"The Drentsche Patrijshond is a purebred dog hailing from the Netherlands. Intelligent, loyal, and sensitive, these pups have some of the best qualities of any dog breed."
drever,"The Drever is a purebred dog from the country of Sweden. Loyal, hardworking, and alert, these pups have some of the best qualities of any dog around."
dutch-shepherd,"Originally used by shepherds in the Netherlands for all-around farm work, the Dutch Shepherd is an intelligent, highly trainable jack-of-all-trades. In modern times, they find jobs as police dogs, service animals, and family-friendly companions."
english-cocker-spaniel,"The English Cocker Spaniel is a medium-size dog breed with long ears and a happy disposition. The “Cocker” in their name comes from their days of hunting woodcock in England, although English Cockers have been used to hunt many other types of birds as well."
english-foxhound,"The English Foxhound was originally a hunting dog breed, designed to pursue foxes in the English countryside. Today they also enjoy life as a family companion and compete in the conformation ring. Many English Foxhounds also compete in Foxhound Performance Trials, which grade the dogs on their pack hunting skills."
english-setter,"The English Setter dog breed was named for these dogs’ practice of “setting,” or crouching low, when they found birds so hunters could throw their nets over them. After the development of the gun, breeders developed the dog so they would stand in the more traditional Pointer style."
english-springer-spaniel,"The English Springer Spaniel dog breed was developed as a gun dog to flush, or spring, game in the field, but they’re also popular companions."
english-toy-spaniel,"Nicknamed “Charlies” after the king who loved them, the English Toy Spaniel dog breed is quieter and more reclusive than their Cavalier cousins, but they can have a mischievous spark. They tend to prefer a single person and are not a “hail fellow, well met” type of dog."
entlebucher-mountain-dog,"The Entlebucher Mountain Dog has the independent spirit of other herding breeds, but still relishes spending time with their people — especially if they give this dog a job to do. They can be territorial and will bark to warn you of visitors."
estrela-mountain-dog,"The Estrela Mountain Dog is a purebred dog from the Estrela Mountains of Portugal. Courageous, protective, and loyal, these pups have some of the best qualities of most dog breeds around today."
eurasier,"The Eurasier is a breed of medium-sized dogs of the Spitz type that first came from Germany. These dogs are known to be very smart, loyal, and even-tempered."
field-spaniel,"The sturdy, medium-sized Field Spaniel dog breed was originally developed to retrieve game from land or water. Today, while they retain their excellent hunting skills, they’re mainly family companions and show dogs and are rarely seen in the field."
fila-brasileiro,"The Fila Brasileiro was developed in Brazil centuries ago as a large game hunting dog and working dog. These large dogs can be intimidating, but there is a reason why the saying, “faithful as a Fila” exists in Brazil."
finnish-lapphund,"Believe it or not, the hard-working Finnish Lapphund dog breed earned their keep herding reindeer in their native Lapland, in the far north of Finland. Friendly and gentle, the breed retains a strong herding instinct."
finnish-spitz,"Finnish Spitz were originally were bred to hunt a variety of small and large game, and then bark when they found something. Today they’re considered “talkative” companions who will keep you apprised of just about everything going on in your surroundings."
flat-coated-retriever,"The Flat-Coated Retriever was originally developed as a dual-purpose retriever of game on land and from water, and they’re still popular for that purpose today."
fox-terrier,"The Fox Terrier was originally bred to flush foxes out of their hiding places during fox hunts. Today they’re primarily family companions and show dogs, although you’ll occasionally find them in the hunt country of the northeastern United States, still performing their traditional role."
french-bulldog,"The French Bulldog has enjoyed a long history as a companion dog. Created in England to be a miniature Bulldog, they accompanied English lacemakers to France, where they acquired their “Frenchie” moniker."
french-bullhuahua,"The French Bullhuahua is a mixed breed dog–a cross between the Chihuahua and French Bulldog breeds. Compact, spunky, and loyal, these pups inherited some of the best qualities from both of their parents."
french-spaniel,"The French Spaniel is a purebred dog from France and Canada. These dogs are sociable, intelligent, and gentle, which make up some of the best qualities in any pooch."
frenchton,"The Frenchton is a mixed breed dog — a cross between the Boston Terrier and French Bulldog breeds. Sturdy, sociable, playful, and chill, these pups inherited some of the best qualities from both of their parents."
frengle,"The Frengle is a mixed dog breed–a cross between the French Bulldog and Beagle dog breeds. Charismatic, affectionate, and even-tempered, these pups inherited some of the best qualities from both of their parents."
german-longhaired-pointer,"The German Longhaired Pointer is a multipurpose hunting dog breed that Germans started selectively breeding for their versatility and athleticism. Today, the German Longhaired Pointer, or GLP, is a gentle, loyal breed."
german-pinscher,"The German Pinscher dog breed is muscular and agile, powerful yet graceful. A medium-sized dog with an elegant appearance, they’re admired as much for their beauty as for their intelligence."
german-shepherd-dog,The German Shepherd Dog is one of America’s most popular dog breeds — for good reasons. They’re intelligent and capable working dogs. Their devotion and courage are unmatched. And they’re amazingly versatile.
german-shepherd-pit-bull,"The German Shepherd Pit Bull is a mixed breed dog–a cross between the German Shepherd Dog and American Pit Bull Terrier breeds. Medium to large in size, energetic, and loyal, these pups inherited some of the best traits from both of their parents."
german-shepherd-rottweiler-mix,"The German Shepherd Rottweiler Mix is a a cross between the German Shepherd and Rottweiler dog breeds. Eenergetic, loyal, and as eager to play as they are to snuggle, these mixed breed pups inherited some of the best qualities from both of their parents."
german-sheprador,"The German Sheprador is a mixed breed dog — a cross between the German Shepherd and Labrador Retriever dog breeds. Large, energetic, and loyal, these pups inherited some of the best qualities from both of their parents."
german-shorthaired-pointer,"The versatile German Shorthaired Pointer sporting dog breed hunts many types of game, retrieves on land or from water, and is an affectionate companion. They have a striking, easy-care coat, but they need plenty of vigorous exercise."
german-spitz,"The German Spitz is one of the oldest dog breeds originating from Europe. Attentive, energetic, and devoted, these pups have some of the best qualities among any dog breed around."
german-wirehaired-pointer,"The German Wirehaired Pointer was developed in the late 19th and early 20th centuries to be a versatile hunting dog breed, a job at which they still excel today. They can hunt any game on any terrain and point and retrieve from land or water."
giant-schnauzer,"The Giant Schnauzer was created to be a working dog breed, so they have intelligence and drive. They can be a loyal and courageous companion for the person who can provide them with the training, exercise, and attention they need."
glen-of-imaal-terrier,"The Glen of Imaal Terrier is a strong, independent dog breed named for the remote valley in Ireland where they originated. Bred to hunt fox and badger, and to keep homes free of rodents, the Glen is a skilled and cunning hunter. They’re also an affectionate family dog, gentle, and loving with their people."
goberian,"The Goberian is a mixed breed dog — a cross between the Golden Retriever and Siberian Husky dog breeds. Friendly, energetic, and smart, these pups inherited some of the best qualities from both of their parents."
goldador,"Loving, devoted, and energetic, Goldador mixed breed dogs are prized for their good-natured trainability. As a cross between the Golden Retriever and Labrador Retriever, this mix inherited some of the best traits from both purebred parents."
golden-cocker-retriever,"The Golden Cocker Retriever is a mixed breed dog–a cross between the Golden Retriever and Cocker Spaniel dog breeds. Sweet, playful, and intelligent, these pups inherited some of the best qualities from both of their parents."
golden-mountain-dog,"The Golden Mountain Dog is a mixed breed dog–a cross between the Golden Retriever and Bernese Mountain Dog breeds. Gentle, friendly and intelligent, these pups inherited some of the best qualities from both of their parents."
golden-retriever,"The Golden Retriever is one of the most popular dog breeds in the United States. The breed’s friendly, tolerant attitude makes them great family pets, and their intelligence makes them highly capable working dogs."
golden-retriever-corgi,"The Golden Retriever Corgi is a mixed breed dog — a cross between the Corgi and Golden Retriever dog breeds. Loyal, silly, and active, these pups inherited some of the best qualities from both of their parents."
golden-shepherd,"The Golden Shepherd is a mixed breed dog–a cross between the Golden Retriever and German Shepherd dog breeds. Large, energetic, and loyal, these pups inherited some of the best qualities from both of their parents."
goldendoodle,"The Goldendoodle is a “designer dog,” a hybrid dog breed resulting from mixing the Poodle with the Golden Retriever. Like all other designer “breeds,” this Doodle is not truly a breed of its own, but is a crossbreed — and in this case, a cross that is enjoying growing popularity."
gollie,"The Gollie is a mixed breed dog–a cross between the Golden Retriever and Collie dog breeds. Loving, clever, and energetic, these pups inherited some of the best qualities from both of their parents."
gordon-setter,"Originally bred to hunt pheasant and quail, Gordon Setters are still fine hunting companions and field trial competitors. Canines of this breed also compete in obedience, conformation, and agility, and they’re terrific family companion dogs."
great-dane,"Oh, baby! A Great Dane is truly a great dog breed–large and noble, commonly referred to as a gentle giant or as the “Apollo of dogs.” Apollo is the Greek god of the sun, the brightest fixture in the sky."
great-pyrenees,"The Great Pyrenees dog breed‘s goal in life is to protect sheep, goats, livestock, people, children, grass, flowers, the moon, the lawn furniture, bird feeders, and any real or imaginary predators that may intrude on your personal space. Oh yeah, and to give, give, and give unconditional love."
greater-swiss-mountain-dog,"The Greater Swiss Mountain dog breed was developed to be an all-around working dog, herding cattle, pulling carts, and standing guard. These days, the Swissy enjoys life as a family pet, but because of his working heritage, he enjoys being busy."
greyador,"The Greyador is a mixed breed dog–a cross between the Labrador and Greyhound dog breeds. These pups fall into the medium-to-large size range. Gentle yet strong, Greyadors inherited some of the best traits from both of their parents."
greyhound,"Greyhounds were originally bred as hunting dogs to chase hare, foxes, and deer. Canines in this dog breed can reach speeds of 40 to 45 miles per hour, making them the Ferraris of the dog world."
hamiltonstovare,"The Hamiltonstovare is a purebred dog from Sweden. These agile, affectionate, active pups have some of the best dog qualities of any dog breed around today."
hanoverian-scenthound,"The Hanoebred verian Scenthound is a purdog originating from Germany. They are loyal, independent, and calm pups who have some of the best qualities of most dog breeds around today."
harrier,"Harriers originally were bred to hunt hares and foxes. Today, the dog breed isn’t especially popular, but their excellent sense of smell and tireless work ethic make them a great fit for hunters."
havanese,"The Havanese dog breed has won many admirers with their long, silky hair, expressive eyes, and cuddly size. Bred as a companion dog to the Cuban aristocracy in the 1800s, they’ve earned the nickname “Velcro dog” because they stick so closely to their owner’s side."
hokkaido,"The Hokkaido is a purebred dog from Japan. Intelligent, alert, and devoted to their families, these pooches have qualities that make them excellent companions."
horgi,"The Horgi is a mixed breed dog — a cross between the Siberian Husky and Corgi dog breeds. Small, playful and full of energy, these pups inherited some of the best qualities from both of their parents."
hovawart,"The Hovawart dog breed was developed in Germany as a guard dog, and they were also used for tracking. Today, this breed is a companion and family dog. But they also work in search and rescue and as guard dogs."
huskita,"The Huskita is a mixed breed dog — a cross between the Akita and Siberian Husky dog breeds. Large, energetic, and loyal, these pups inherited some of the best qualities from both of their parents."
huskydoodle,"The Huskydoodle is a mixed breed dog–a cross between the Siberian Husky and Poodle dog breeds. Highly intelligent, full of energy, and sociable, these pups inherited some of the best traits from both of their parents."
ibizan-hound,"The Ibizan Hound was originally bred to hunt rabbits and small game on the Balearic island of Ibiza. Today, the Ibizan Hound dog breed is still used in that capacity in Spain and elsewhere. Ibizan Hounds also compete in lure coursing, agility, obedience, conformation, and tracking, in addition to being much-loved family companions."
icelandic-sheepdog,"Thought to be companions to the ancient Vikings, the Icelandic Sheepdog breed was used to protect flocks, especially lambs, from birds of prey. They still retain the habit of watching the sky and barking at birds — as well as everything else they see or hear."
irish-red-and-white-setter,The Irish Red and White Setter dog breed barely escaped extinction when most breeders began focusing on the all-red varieties. Now they’re considered a separate breed from their Irish Setter cousins.
irish-setter,"Irish Setters originated as a gundogs in their native Ireland, and the dog breed‘s popularity soon spread, thanks to the beauty of their rich mahogany coat and their enthusiasm as bird dogs."
irish-terrier,"The Irish Terrier dog breed was once described as the “poor man’s sentinel, the farmer’s friend, and the gentleman’s favorite.” Rugged and stouthearted, they have the advantages of a convenient size, versatile abilities as a companion, watchdog, and vermin dispatcher, and high train-ability."
irish-water-spaniel,"Whether they’re splashing after ducks or showing off in the agility ring, canines of the Irish Water Spaniel dog breed do everything with a sense of fun. Created in Ireland as a water retriever, they’re rare these days but make excellent companions for active and experienced dog owners, especially if they live near a body of water."
irish-wolfhound,"The Irish Wolfhound dog breed was originally used in war to drag men off horses and chariots. They also hunted large game such as deer, boar, and wolves. Today this adaptable dog is a family companion who also competes in obedience, tracking, and lure coursing."
italian-greyhound,"The Italian Greyhound dog breed was a favorite companion of noblewomen in the Middle Ages, especially in Italy. But this small hound was more than a lapdog, having the speed, endurance, and determination to hunt small game. These days, they’re a family dog whose beauty and athleticism is admired in the show ring and in obedience, agility, and rally competitions."
jack-a-poo,"The Jack-A-Poo is mixed breed dog–a cross between the Jack Russell Terrier and Poodle dog breeds. Generally the Poodle parent is Miniature or Toy sized, as opposed to Standard. Affectionate, lively, and intelligent, Jack-A-Poos are energetic pups who make great family dogs."
jack-chi,"The Jack Chi is a mixed breed dog — a cross between the Jack Russell Terrier and Chihuahua dog breeds. Friendly, playful, and energetic, these pups inherited some of the best qualities from both of their parents."
jack-russell-terrier,"Developed in England some 200 years ago to hunt foxes, the Jack Russell Terrier, also known as the Parson Russell Terrier, is a lively, independent, and clever little dog. They’re charming and affectionate, but they’re also a handful to train and manage. For experienced dog parents only!"
jackshund,"The Jackshund is a mixed breed dog–a cross between the Jack Russell Terrier and Dachshund dog breeds. Affectionate, lively, and playful, these pups inherited some of the best traits from two very different parents. The mix of different personalities and appearances will make for a fun, attractive dog!"
japanese-chin,"The Japanese Chin dog breed hails from Asia, where they’ve been prized as a companion for more than a thousand years. They were a popular member of Chinese and Japanese imperial courts, and it was in Japan that their distinctive look was developed."
japanese-spitz,"The Japanese Spitz is a small family companion with the heart of a large watchdog. This breed may look similar to American Eskimo Dogs, white Pomeranians, or small Samoyeds, but Japanese Spitzes have their own lineages and hail from, as you might guess, Japan. Although the American Kennel Club does not recognize this breed, many other kennel clubs around the world accept them."
jindo,"Originating in South Korea, the Korean Jindo Dog exhibits unmatched loyalty. They are also incredibly intelligent dogs with a knack for hunting, tricks, and even agility. Fastidious and quiet indoors, they make great household pets and companions."
kai-ken,"The Kai Ken was discovered in the mountains of Kai, right near Mt. Fuji. Believed to be one of the purest and most ancient dog breeds of Japan, this rare dog is a skilled hunter and highly intelligent. Today, advocates of the breed work tirelessly to build up the dogs’ small population, especially in the United States and Japan."
karelian-bear-dog,"The Karelian Bear Dog, called Karjalankarhukoira in the breed’s native Finland, is a strong, alert, and fearless breed that is capable of hunting or treeing small-to-large game — even aggressive game such as bears, lynxes, wild boars, wolves, and moose. It makes the list of the ten most common dog breeds in Finland, where people consider them a national treasure."
keeshond,"The Keeshond is an old dog breed, once a companion and watchdog on the barges and boats that traveled the canals and rivers of Holland in the 17th and 18th centuries. He’s almost exclusively a companion dog today."
kerry-blue-terrier,"The Kerry Blue Terrier is the quintessential working dog. They hail from County Kerry, Ireland, where they were bred to hunt small game and birds, kill rodents, and herd sheep and cattle. Intelligent and brave, they became a cherished pet as well, displaying fierce devotion to their family or pack."
king-shepherd,"The King Shepherd is a hard working, loyal companion dog. Confident and strong, their huge size would be a pretty big deterrent for any would-be predator. King Shepherds are protective of their families, but they’re not aggressive dogs."
kishu-ken,"Almost exclusive to Japan, the Kishu Ken is an ancient dog breed once used for hunting large game like boar. Some are still used as hunting dogs, but for the most part, the modern day Kishu Ken is a family dog in Japan, and they’ve started to grow in popularity in the United States, as well."
komondor,"Although the Komondor’s appearance might make you think they were developed to mop floors, this pooch has a long and noble heritage as a flock-guarding dog breed in their native Hungary. They still retain a strong protective instinct and will defend their family and property with their life."
kooikerhondje,"The good-natured Kooikerhondje hunting dog breed makes an affectionate family companion. Suspected to be an ancestor of the Nova Scota Duck Tolling Retriever, they hail from Holland and were used to lure ducks into traps for hunting or tagging. They still serve as hunting dogs, but also excel at other dog sports such as flyball."
kuvasz,"The Kuvasz is a large, white, flock-guarding dog who hails from Hungary. A one-family dog, they’re protective of their people and suspicious of strangers. Dogs of this breed think for themselves and can be challenging to train."
kyi-leo,"The Kyi-Leo is a mixed breed dog — a cross between the Maltese and Lhasa Apso dog breeds. Playful, lively, and sweet, these pups inherited some of the best qualities from both of their parents."
lab-pointer,"The Lab Pointer is a mixed breed dog — a cross between the Labrador Retriever and Pointer dog breeds. Energetic, loyal, and intelligent, these pups inherited some of the best qualities from both of their parents."
labernese,"The Labernese is a mixed breed dog — a cross between the Labrador Retriever and Bernese Mountain Dog breeds. Loving, intelligent, and friendly, these pups inherited some of the best qualities from both of their parents."
labmaraner,"The Labmaraner is a mixed breed dog — a cross between the Labrador Retriever and Weimaraner dog breeds. Intelligent, active, and friendly, these pups inherited some of the best qualities from both of their parents."
labrabull,"The Labrabull is a mixed breed dog — a cross between the American Pit Bull Terrier and the Labrador Retriever dog breeds. Medium in size, energetic, and loyal, these pups inherited some of the best qualities from both of their parents."
labradane,"The Labradane is a mixed breed dog — a cross between the Labrador Retriever and Great Dane dog breeds. Loyal, affectionate, and playful, these pups inherited some of the best qualities from both of their parents."
labradoodle,"It’s not surprising that the Labradoodle has gained such popularity so quickly. Originally developed to be hypoallergenic guide dogs, the first planned crosses of Poodles and Labrador Retrievers were arranged by the Royal Guide Dogs Association of Australia."
labrador-retriever,"The Labrador Retriever was bred to be both a friendly companion and a useful working dog breed. Historically, they earned their keep as fishermen’s helpers: hauling nets, fetching ropes, and retrieving fish from the chilly North Atlantic."
labrastaff,"The Labrastaff is a mixed breed dog — a cross between the Labrador Retriever and Staffordshire Bull Terrier dog breeds. Athletic, loyal, and intelligent, these pups inherited some of the best qualities from both of their parents."
labsky,"The Labsky is a mixed breed dog — a cross between the Labrador Retriever and Siberian Husky dog breeds. Active, smart, and loyal, these pups inherited some of the best qualities from both of their parents."
lagotto-romagnolo,"Lagotto Romagnolo means “lake dog from Romagna,” which is a good name for this breed, considering these dogs originally helped hunt waterfowl through the wet marshlands of Romagna in Italy."
lakeland-terrier,"Lakeland Terriers were originally bred to hunt the foxes that preyed on sheep during the lambing season in Northern England’s Lake District. Today’s Lakies, as these lively, feisty little dogs are nicknamed, are affectionate, friendly, and self-confident."
lancashire-heeler,"The Lancashire Heeler was once used to drive livestock to market and hunt rats and rabbits at home. Now, they’re a popular companion dog breed in their native Britain."
leonberger,"The jumbo-sized Leonberger dog breed is a mix of the Newfoundland, longhaired Saint Bernard, and Great Pyrenees."
lhasa-apso,"The Lhasa Apso dog breed is originally from Tibet, where they were highly regarded watchdogs in the palaces and monasteries of their mountainous homeland. Today’s Lhasa is no longer a palace guard but primarily a family companion who loyally protects their family from danger."
lhasapoo,"The Lhasapoo is a mixed breed dog–a cross between the Lhasa Apso and Poodle dog breeds. Protective, loyal, and playful, these pups inherited some of the best qualities from both of their parents."
lowchen,"The Lowchen is a toy dog breed developed as a companion dog and still finds itself in this role today. Active and smart, they do very well in dog competitions such as obedience and agility, and they surpass the expectations that many have for a family companion."
maltese,"A gentle and fearless dog breed, the Maltese greets everyone as a friend. Their glamorous white coat gives them a look of haughty nobility, but looks can be deceiving."
maltese-shih-tzu,"The Maltese Shih Tzu, also known as the Mal-Shi, Malti zu, and the Malt-Tzu, is a hybrid or mixed dog breed — a cross between the Maltese and Shih Tzu breeds. Created with the same goal as Doodles — to be a small, allergy-friendly companion who doesn’t shed much — this hybrid is a sweet lapdog who likes to play with the kids."
maltipoo,"Not actually a dog breed per se, the Maltipoo is a popular cross of the Maltese and Poodle, known for their fun-loving and affectionate nature. Active and charming, they’ll fit into all kinds of homes: apartment or house, family with kids or elderly single."
manchester-terrier,"The lively, spirited Manchester Terrier dog breed is a true terrier. Bred in Manchester, England for ratting and rabbit coursing, this dog has game and they love to show it. The Gentleman’s Terrier (as they’re known in Victorian England) is not a sparring dog but loves a good chase. This makes them a flyball and agility rock star."
maremma-sheepdog,"The Maremma Sheepdog is considered an “Old World European” breed, sharing ancestry with other Eastern European livestock guardian dogs, especially mountain-dwelling dogs, like the Pyrenean Mountain Dog and Kuvasz. Maremma Sheepdogs can be traced back at least to ancient Roman times. Originally bred in Italy, they are still very popular there, and their original purpose continues on: to guard livestock."
mastador,"The Mastador is a mixed breed dog — a cross between the Mastiff and Labrador Retriever dog breeds. Large, energetic, and lovable, these pups inherited some of the best qualities from both of their parents."
mastiff,"The Mastiff is one of the most ancient types of dog breeds. Their ancestor, the Molossus, was known 5,000 years ago. Back then, they were ferocious war dogs, very different from the benevolent behemoth that the breed is today."
miniature-pinscher,"The Miniature Pinscher dog breed was originally bred in Germany to hunt vermin, primarily rats, in homes and stables. Many people think that they were developed by breeding Dobermans to progressively smaller sizes, and indeed, they look similar to Dobermans. However, the Min Pin is a distinct and much older breed."
miniature-schnauzer,"The Miniature Schnauzer dog breed has it all in one small package: intelligence, affection, an extroverted temperament, humor, and a personality that’s twice as big as their bodies. Throw in that walrus mustache and quivering enthusiasm, and they’ll make you laugh every day."
morkie,"The Morkie is a mixed breed dog–a cross between the Maltese and the Yorkshire Terrier dog breeds. Small, energetic, and super silly, these pups inherited some of the best qualities from both their parents."
mountain-cur,"The Mountain Cur dog breed originated in the mountains of Kentucky and Tennessee. They were a major part of the early settlers’ lives and helped their humans while they developed farms in mountainous, rural, southern regions. They acted as watchdogs on farms, assisted with hunting, and even herded livestock. Dogs of this breed still perform those same tasks today among other jobs, including being loyal companions."
mudi,"Alert, active, and smart, the Mudi (pronounced “moody”) is a highly trainable herding dog who can perform almost any task well. That includes watchdog duties, hunting, agility and obedience competitions, search and rescue, and more."
mutt,"A Mutt or mixed breed dog is a testament to nature. Without any input — some might say interference — from humans, the mixed breed defies description. Available in all sizes, shapes, colors, and patterns, they might have a long snout or a short nose. They may display pointed ears or floppy ones. They could have a stubby tail, spindly legs, a giant spot over their left eye — or all three."
neapolitan-mastiff,The Neapolitan Mastiff dog breed was developed in southern Italy as a family and guard dog. Today this massive breed is known as a gentle giant.
newfoundland,"The Newfoundland is a large, strong dog breed from—wait for it—Newfoundland. They were originally used as a working dog to pull nets for fishermen and haul wood from the forest."
norfolk-terrier,"The Norfolk Terrier is what’s considered a “big dog in a small package.” Alert, gregarious, and nimble, they’re a loyal companion with the heart of a working terrier."
northern-inuit-dog,"The Northern Inuit Dog is a hybrid breed with a debated background, but most agree that the Husky, Malamute, and German Shepherd Dog are part of their ancestry. Other theories include Samoyeds and Canadian Eskimo Dogs.  Though their origin is a mix, they’re now only bred with other Northern Inuit Dogs by breeders seeking to secure purebred status for this hybrid. Calm, friendly, and intelligent, these dogs may be a great addition to your family."
norwegian-buhund,"Intelligent, independent, and eager to please, the Norwegian Buhund dog breed can handle all kinds of dog jobs and sports with ease. They need lots of exercise and attention, and they’re quick learners."
norwegian-elkhound,"The gorgeous Norwegian Elkhound dog breed, with their wolf-like face, delights in life. Smart as can be, they also have a wonderful sense of humor. They’ll race you around the kitchen island, reverse directions when you do, and then howl for sheer fun."
norwegian-lundehund,"With six toes on each foot — all of them double- or triple-jointed — and an amazing range of motion, the agile Norwegian Lundehund dog breed was used to scale cliffs and rob puffin nests of their eggs."
norwich-terrier,"The Norwich Terrier originated as a ratter on farms but moved up in the world to bolt foxes from their dens during hunts. Today, they’re amusing companions who serve double duty by keeping your home and yard free of rats and other vermin."
nova-scotia-duck-tolling-retriever,"The Nova Scotia Duck Tolling Retriever dog breed was created to both lure and retrieve waterfowl. This versatile breed excels in the field and show ring, in obedience and agility, and as a companion to an active family."
old-english-sheepdog,"The Old English Sheepdog is a large, athletic dog breed with an unmistakable shaggy coat. The OES, as fans call the breed for short, was historically a drover, helping farmers drive cattle and sheep to the market. Today, this good-natured dog enjoys the comfort of home life and still competes in conformation, obedience, agility, and herding trials."
otterhound,"The large and rough-coated Otterhound was originally bred for hunting otter in England. Built for work, the dog breed has a keen nose and renowned stamina."
papillon,"The Papillon dog breed descends from the toy spaniels that are frequently portrayed in paintings by the Old Masters, from as far back as the 16th century. They’re highly active and wonderful competitors in agility and obedience."
papipoo,"The Papipoo is a mixed breed dog — a cross between the Papillon and Poodle dog breeds. Loving, intelligent, and active, this devoted, little dog wants to be part of all family activities."
patterdale-terrier,"The spunky and energetic Patterdale Terrier is a very popular dog in the United States but originated in the United Kingdom. Compact, confident, and independent, this beloved dog was originally bred to hunt foxes and rabbits."
peekapoo,A Peekapoo is hybrid dog breed — a cross between the Pekingese and Poodle breeds. The mix makes for a wonderful companion dog who will spend their days perched on your lap or sitting by your side.
pekingese,Pekingese dogs were bred for centuries to be the cherished companions of the imperial family of China. Today they’re still cherished family companions and show dogs who greet everyone they meet with dignity and grace.
pembroke-welsh-corgi,"Originally bred to herd cattle, sheep, and horses, the Pembroke Welsh Corgi is an active and intelligent dog breed. Easy to train and eager to learn, Pembrokes are great with children and other pets, and you can find them in four different coat colors and markings."
petit-basset-griffon-vendeen,"The Petit Basset Griffon Vendéen is a small scent hound who has won the hearts of millions. Although the dog breed appears to be designed for winsome cuteness, in actuality, PBGVs are tough hunters who were developed for a specific purpose: to hunt small game in the rough terrain of the Vendeen region of France. The breed is known for a merry and outgoing personality."
pharaoh-hound,"The Pharaoh Hound is an ancient dog breed that’s changed little since their development more than 5,000 years ago. They were the dogs of kings and may have hunted gazelles with pharaohs, hence their name. This loyal hunting companion later made their way to Malta, where they’re now the national dog."
pitsky,"The Pitsky is a mixed breed dog — a cross between the American Pit Bull Terrier and Siberian Husky dog breeds. They range in size from medium to large, they are energetic, and loyal, these pups inherited some of the best qualities from both of their parents."
plott,The pack-hunting Plott dog breed was developed in North Carolina more than 200 years ago to hunt bear and wild boar. They are still used as hunting dogs today and have proven their worth as pack hunters. They also participate in tracking and other dog sports.
pocket-beagle,"Smaller than the average Beagle dog breed, these compact scenthounds are merry and fun-loving. But the Pocket Beagle is still a hound and, as such, requires patience and creative training techniques to overcome their sometimes stubborn nature."
pointer,"Bred for several hundred years to “point” birds and small game such as rabbits, the Pointer is a versatile field dog and exceptional family dog breed. They excel in many arenas, from the field to the show ring, agility to obedience."
polish-lowland-sheepdog,"Originally bred for herding and guarding, the Polish Lowland Sheepdog is still an excellent working dog breed. They’re obedient and fearless, good-natured with people and other dogs, but highly protective of their flock."
pomapoo,"The Pomapoo is a mixed breed dog — a cross between the Pomeranian and Toy Poodle dog breeds. Compact, intelligent, and affectionate, these pups inherited some of the best qualities from both of their parents."
pomchi,"The Pomchi is a mixed-breed dog — a cross between the Pomeranian and the Chihuahua dog breeds. Playful, devoted, and energetic, these small pups inherited some of the best qualities from both of their parents."
pomeagle,"The Pomeagle is a mixed breed dog — a cross between the Pomeranian and Beagle dog breeds. Small, affectionate, and curious by nature, these pups inherited some of the best qualities from both of their parents."
pomeranian,"Descended from large sled dog breeds, the now-tiny Pomeranian has a long and interesting history. The foxy-faced dog, nicknamed “the little dog who thinks he can,” is compact, active, and capable of competing in agility and obedience or simply being a family friend."
pomsky,"Cute, silly, and suited for apartment life, the Pomsky is a dog who likes to be the center of attention, and with their adorable looks and playful antics, they often get the adoration they crave."
poochon,"The Poochon is a mixed breed dog–a cross between the Toy Poodle and Bichon Frise dog breeds. Small, happy, and intelligent, these pups inherited some of the best qualities from both of their parents. Researching their parents can offer much insight into their personalities and characteristics."
poodle,"Elegant. Proud. Clever. The Poodle is an impressive dog, as the many best-in-show winners from this dog breed can attest. But behind the blue ribbons, impressive hairdos, and regal attitude, you’ll find an affectionate family dog with an ancient history and many talents."
portuguese-podengo-pequeno,"The Portuguese Podengo Pequeno is a purebred dog from Portugal and is the smallest of the three Portuguese Podengo size classes that are not interbred. Alert, lively, and playful, these pooches are a compact-but-charming bunch to be around."
portuguese-pointer,"The Portuguese Pointer is a dog breed from the Iberian Peninsula of Portugal, and their origins date all the way back to the 12th century. Officially classified as a sporting dog, they also fit into the bird dog categories. Originally bred for falconry work with the royals, the Portuguese Pointer is a versatile dog and is also considered by many to be the ultimate gun dog."
portuguese-sheepdog,"In Portugal, people call the Portuguese Sheepdog “cão da Serra de Aires,” which is the name of a mountain range in the breed’s native land.  They’re also nicknamed “cão macaco,” which translates to “monkey dog,” due to the breed’s habit for making quizzical expressions that remind people of monkeys."
portuguese-water-dog,"Portuguese Water Dogs once served as crew on fishing trips, retrieving lost gear and herding fish into nets."
pug,"The Pug is often described as a lot of dog in a small space. These sturdy, compact dogs are a part of the American Kennel Club’s Toy group, and are known as the clowns of the canine world because they have a great sense of humor and like to show off."
pugalier,"The Pugalier is a mixed breed dog — a cross between the Pug and Cavalier King Charles Spaniel dog breeds. Small, adorable, and loyal, these pups inherited some of the best qualities from both of their parents."
puggle,"The Puggle is a hybrid or mixed breed dog — a cross between the Beagle and Pug breeds. They’ve become fairly popular, thanks to their fun-loving personality and cute looks."
puginese,"The Puginese is a mixed breed dog–a cross between the Pug and Pekingese dog breeds. Affectionate, sensitive, and independent, these pups inherited some of the best traits from both of their parents."
puli,"Best known for their long, corded coat resembling dreadlocks, the Puli is a hardworking herding dog and family companion. Energetic and lively, this mop-like dog breed hailing from Hungary appears much larger than they are due to that distinctive coat."
pyredoodle,"The Pyredoodle is a mixed breed dog–a cross between the Great Pyrenees and Standard Poodle dog breeds. Calm, fearless, and loyal, these pups inherited some of the best traits from both of their parents."
pyrenean-mastiff,"The Pyrenean Mastiff, also known as Mastín del Pirineo, comes from northeastern Spain. The exact origin of the breed is unknown, but it is speculated to have evolved from Molossers. Humans relied on them to be guardians and protectors of livestock."
pyrenean-shepherd,"These lean but muscular dogs have breathtaking speed, grace, and intelligence. The Pyrenean Shepherd’s passion for their family is matched only by their passion for work, and parents of this dog breed should be prepared to give their dogs a job to do, whether it’s a competitive dog sport or a flock of sheep to boss around."
rat-terrier,"Members of the Rat Terrier dog breed are adorable, little, digging escape artists who are true terriers: feisty, funny, energetic, lively, vermin-chasing, and incapable of being boring. Stubborn as all get out, they are not big on pleasing people, but the people who love them laugh all the time."
redbone-coonhound,"The Redbone Coonhound dog breed is a medium-sized hound who has a gorgeous red coat, the pleading expression common to hounds everywhere, and a sweet voice that sings out when they’re on the hunt. However, they also bark a lot when they’re not on the hunt, and take a lot of patience to train."
rhodesian-ridgeback,"The handsome Rhodesian Ridgeback dog breed was created in Africa to be a versatile hunter and home guardian. These days, They’re less likely to hunt lions and more likely to hunt a soft spot on the sofa after going jogging with you."
rottador,"The Rottador is a mixed breed dog–a cross between the Rottweiler and Labrador Retriever dog breeds. Large, energetic, and loyal, these pups inherited some of the best qualities from both of their parents."
rottle,"The Rottle is a mixed breed dog — a cross between the Rottweiler and Poodle dog breeds. Playful, intelligent, and eager to please, these pups inherited some of the best qualities from both of their parents."
rottweiler,The Rottweiler was originally dogs bred to drive cattle to market. Later they were used to pull carts for butchers. They were among the earliest police dogs and serve with honor in the military.
saint-berdoodle,"The Saint Berdoodle is a mixed breed dog — a cross between the Saint Bernard and Poodle dog breeds. Friendly, intelligent, and loyal, Saint Berdoodles are great family dogs."
saint-bernard,Originally the Saint Bernard dog breed guarded the grounds of Switzerland’s Hospice Saint Bernard as well as to help find and save lost and injured travelers.
saluki,"One of the oldest of dog breeds, Salukis were once considered a gift from Allah. They’re fast as the wind, skinny as a supermodel, and quietly devoted to their people."
samoyed,"Originally bred to hunt, haul sledges, and herd reindeer, the Samoyed dog breed proved a valuable companion for northwestern Siberia’s Samoyede people. Among the breed’s duties: pack hiking, tracking, and warming their owners by sleeping on top of them at night."
samusky,"The Samusky is a mixed breed dog–a cross between the Samoyed and the Siberian Husky dog breeds. Highly intelligent, loyal, and good-natured, these pups inherited some of the best qualities from both of their parents."
schipperke,"Curious and clever, the Schipperke dog breed is often nicknamed LBD, for little black devil. They’re fearless and devoted, always on guard to protect their family from harm."
schnoodle,"What a pistol! Smart, active, and adorable, the Schnoodle has become a popular hybrid dog breed. They’re a cross between the Poodle and the Schnauzer and can be found in many colors."
scottish-deerhound,"The original purpose of the Scottish Deerhound dog breed was to hunt and bring down the Scottish roe deer, a magnificent beast twice or more the dog’s size. Today, if the Scottish Deerhound were writing a personals ad, they’d say that they enjoy long walks, opportunities to run, regular meals, and a nice sofa to nap on."
scottish-terrier,"An independent and stubborn character, the Scottish Terrier dog breed is also quite sensitive to praise and blame. Independent, intelligent, and hilarious in their dignified seriousness, they’re a true terrier, which makes them an excellent watchdog."
sealyham-terrier,"The Sealyham Terrier dog breed was originally bred to hunt otters, foxes, and badgers. Today, these clowns of the terrier family are primarily companion dogs and a good choice for novice pet parents."
sheepadoodle,"The Sheepadoodle is a mixed breed dog — a cross between the Old English Sheepdog and Poodle dog breeds. Smart, playful, and loving, these pups inherited some of the best traits from both of their parents."
shepsky,"The Shepsky is a mixed breed dog–a cross between the German Shepherd and Siberian Husky dog breeds. Medium in size, energetic, and loyal, these pups inherited some of the best qualities from both of their parents."
shetland-sheepdog,"Canines of the Shetland Sheepdog dog breed stood guard for farmers in the Shetland Islands off the coast of Scotland, keeping hungry birds and sheep out of the farmer’s garden, and they served as herding dogs as well. Today they’re excellent family companions and superstars in dog sports."
shiba-inu,"The Shiba Inu dog breed was originally bred to flush birds and small game, and was occasionally used to hunt wild boar. They’re one of Japan’s six native breeds: Akita (large), Kishu, Hokkaido, Kai, Shikoku (medium), and Shiba (small)."
shichon,"The Shichon is a mixed breed dog–a cross between the Shih Tzu and the Bichon Frise dog breeds. Affectionate, intelligent, and outgoing, these pups inherited some of the best qualities from both of their parents."
shih-poo,"The Shih-Poo is a mixed breed dog — a cross between the Shih Tzu and Toy Poodle dog breeds. Small, hypoallergenic and cuddly companions, these pups inherited some of the best qualities from both of their parents."
shih-tzu,"The name “Shih Tzu” means little lion, but there’s nothing fierce about this dog breed. This pooch is a lover, not a hunter."
shiloh-shepherd,"The Shiloh Shepherd is an intelligent companion dog who responds well to training. Their gentle personality makes them excellent service dogs or therapy dogs. They’re very similar in appearance to a German Shepherd Dogs, but larger."
shiranian,"The Shiranian is a mixed breed dog — a cross between the Shih Tzu and Pomeranian breeds. Small, adorable, and loyal, these pups inherited some of the best qualities from both of their parents."
shollie,"The Shollie is a mixed breed dog — a cross between the German Shepherd Dog and Border Collie dog breeds. Intelligent, energetic, and loyal, these pups inherited some of the best qualities from both of their parents."
shorkie,"The Shorkie is a mixed breed dog — a cross between the Shih Tzu and Yorkshire Terrier dog breeds. Small, fierce, and loyal, these pups inherited some of the best qualities from both of their parents."
siberian-husky,"The Siberian Husky dog breed has a beautiful, thick coat that comes in a multitude of colors and markings. Their blue or multi-colored eyes and striking facial masks only add to the appeal of this breed, which originated in Siberia."
silken-windhound,"The Silken Windhound is an affectionate, playful, and eager-to-please dog breed. They’re easily trained and love their families, including those with small children and pets. In fact, their affectionate nature makes them poor watchdogs. That’s because they are likely to react to strangers with warm greetings instead of barks or growls."
silky-terrier,"The Silky Terrier dog breed exemplifies the expression “small dog, big personality.” Weighing just eight to ten pounds when full grown, they’re tough and confident, perhaps because of their heritage as a hunter of small prey."
skye-terrier,"The Skye Terrier is a medium-size dog breed developed on the Isle of Skye in Scotland. They were originally bred to hunt and kill badger, otter, and fox, but these days they’re appreciated as a versatile companion breed."
sloughi,"The Sloughi is a one-person or one-family dog breed who’s affectionate with their own people but aloof toward strangers. Like many hounds, their stubborn nature can make them too much of a handful for first-time dog parents."
small-munsterlander-pointer,"This Small Munsterlander Pointer dog breed is affectionate with family, kids, and other dogs alike. The excel at water retrieving, and if you’re not a hunter, you’ll need to find other ways to give them physical and mental exercise — they need plenty of both."
soft-coated-wheaten-terrier,"Sturdy and fun loving, the Soft Coated Wheaten Terrier dog breed is a friend to one and all. They’re relatively easygoing for a terrier, need a moderate amount of exercise, and can make a great family dog."
spanish-mastiff,"The Spanish Mastiff is a purebred working dog with an old history of serving as a guardians for sheep and livestock. Protective, loving, and calm, these gentle giants have become popular guard dogs and family pets alike."
spinone-italiano,"The Spinone Italiano is an energetic gun dog originally bred for hunting. Today, many spend their time as companion animals. Medium in size, loyal, and athletic, this dog would be great for an active family on the go."
springador,"The Springador is a mixed breed dog–a cross between the Springer Spaniel and Labrador Retriever dog breeds. Loyal, friendly and smart, these pups inherited some of the best qualities from both of their parents."
stabyhoun,"Affectionate and tolerant, the Stabyhoun hunting dog breed gets along with people, kids, and other pets. However, like all sporting breeds, they need a great deal of exercise to stay happy and calm. They excel at water retrieving in particular, but also enjoy other canine sports."
staffordshire-bull-terrier,"Although they were created in 19th-century Britain to be a small, fast fighting dog, those days are long past. The Staffordshire Bull Terrier dog breed of today is a fine companion known for their courage, intelligence, and love of children."
staffy-bull-bullmastiff,"The Staffy Bull Bullmastiff is a mixed breed dog — a cross between the Staffordshire Bull Terrier and the Bullmastiff breeds. Calm, devoted, and affectionate, these pups inherited some of the best qualities from both of their parents."
standard-schnauzer,"Standard Schnauzers were originally bred to be ratters, guard dogs, and all-purpose dogs on German farms. Their versatility, medium size, protective nature, and love of family make them an excellent companion dog breed."
sussex-spaniel,"Long and low, with a unique golden liver color, the Sussex Spaniel dog breed was developed in Sussex County, England, to flush birds into the air for hunters. They have a reputation for being slow and sedate, but they liven up when they scent birds."
swedish-lapphund,"The Swedish Lappund, also called the Swedish Lappie or just Lappie by enthusiasts, is a member of the Spitz family along with Siberian Huskies, Akitas, and Alaskan Malamutes."
swedish-vallhund,"True to their heritage as a working farm dog breed, the Swedish Vallhund is an intelligent and alert companion. They’re active dogs who need equally active pet parents."
taiwan-dog,"An ancient dog breed, the Taiwan Dog has been a loyal companion to humans for centuries. Although these versatile dogs are mostly found in their native country today, enthusiasm for the rare breed is rising."
terripoo,"The Terripoo is a cross between the Australian Terrier and the miniature Poodle. Intelligent, intuitive, and playful, these small dogs make excellent family pets."
texas-heeler,"The Texas Heeler is a mixed breed dog–a cross between the Australian Cattle Dog and Australian Shepherd dog breeds. Intelligent, hard-working, and energetic, these herding pups inherited some of the best qualities from both of their parents."
tibetan-mastiff,"This still-primitive Tibetan Mastiff dog breed was developed centuries ago in Tibet. Originally used as guard dogs for livestock and property, Tibetan Mastiffs can still be found performing that role, but they also enjoy life as family companions and show dogs."
tibetan-spaniel,"Small but active and alert, the Tibetan Spaniel dog breed hails from mountainous Tibet, where these dogs served as a companions and watchdogs. They’re known for their intelligence, easy-care coat, and desire to keep watch over their family from high perches in the house."
tibetan-terrier,The Tibetan Terrier was created to be a companion and friend. Dogs of this breed love being with people and are adaptable to a variety of homes and lifestyles. Their shaggy coat is attractive but requires frequent grooming.
toy-fox-terrier,"Originally created as a smaller version of their larger Smooth Fox Terrier dog breed ancestors, the Toy Fox Terrier has been used for a variety of tasks, serving as ratters on farms and as hunters of small game such as squirrel. Their most important purpose, however, is to be loyal, loving, and devoted companions who amuse and entertain their families."
transylvanian-hound,"The Transylvanian Hound isn’t a vampire, but it is a dog breed as ancient as the myth of blood-hungry monsters. The breed was popular among Hungarian royalty and hunters alike but almost went extinct in the early 20th century. However, enthusiasts revived the breed and made these dogs into the adaptable and loyal companions they are today."
treeing-tennessee-brindle,The Treeing Tennessee Brindle dog breed stands out among the hounds for their brindle coat. But their fans are more interested in their ability to send prey up a tree and hold it until the hunter arrives.
treeing-walker-coonhound,"The Treeing Walker Coonhound dog breed has a short, clear bark and a passion for the hunt. Some are shy, some are confident, but they’re all hounds — meaning, they need patient training and plenty of exercise."
valley-bulldog,"The Valley Bulldog is a mixed breed dog–a cross between the Boxer and English Bulldog breeds. Medium in size, active, and loyal, these pups inherited some of the best qualities from both of their parents"
vizsla,"Created in Hungary to work as a pointer and retriever, the Vizsla dog breed has an aristocratic bearing. All they really want, though, is to be loved."
weimaraner,"Originally bred as a gundog to handle big game like deer and bear, the Weimaraner, or “Silver Ghost,” was a highly sought-after dog breed in their native Germany. Today, these elegant but demanding dogs can still be found out on the hunting grounds. However, they can also make fine family friends if they get enough exercise."
welsh-springer-spaniel,"The Welsh Springer Spaniel dog breed was developed as a gundog to flush, or spring, game in the field. A faithful companion, they’re a favorite of discriminating hunters and families."
welsh-terrier,"The Welsh Terrier dog breed‘s zest for life is contagious, and they always enjoy themselves to the fullest. Bred to hunt independently, with all the self-determination and intelligence that entails, the happy and lively Welshie rarely gets tired and wants to spend their days having fun, fun, fun!"
west-highland-white-terrier,"The best way to describe the wee West Highland White Terrier dog breed from Scotland is simply to say that they’re so full of self-esteem that they know they’re the best thing around. Always on the lookout for a good time, they’ll make you laugh while they entertain themselves."
westiepoo,"The Westiepoo is a mixed breed dog — a cross between the West Highland White Terrier and Poodle dog breeds. Clever, active, and affectionate, these pups inherited some of the best qualities from both of their parents."
whippet,"The Whippet dog breed was a hunter’s best friend, speedily going after rabbits and other small game. Today the breed competes in agility, flyball, lure coursing, rally, and obedience and is a loving therapy dog."
whoodle,"The Whoodle is a mixed breed dog — a cross between the Soft-Coated Wheaten Terrier and Poodle dog breeds. Playful, friendly, and active, these pups inherited some of the best qualities from both of their parents."
wirehaired-pointing-griffon,"The Wirehaired Pointing Griffon is a happy and loving dog breed. They make excellent gundogs or family companions, and they suffers from comparatively few diseases. With their sense of humor and lively nature, they’re a good match for an energetic family looking for a dog to be part of their daily activities."
xoloitzuintli,The Xoloitzcuintli dog breed — sometimes called the Mexican Hairless or just Xolo — may well have descended from the first dogs to set paw on the North American continent.
yorkipoo,"A fun-loving “designer dog” — and therefore a mixed dog breed — a Yorkipoo is a cross between the Yorkshire Terrier and a Toy or Miniature Poodle. Intelligent, affectionate, and gentle, they make a delightful companion. They also fit in perfectly to apartment life, especially if you don’t mind the barking."
yorkshire-terrier,"Small in size but big in personality, the Yorkshire Terrier makes a feisty but loving companion. The most popular toy dog breed in the United States, the “Yorkie” has won many fans with their devotion to their owners, their elegant looks, and their suitability to apartment living."
