breed,breed_info_link,breed_img_link
Afador,https://dogtime.com/dog-breeds/afador,https://www.dogtime.com/assets/uploads/2019/08/afador-mixed-dog-breed-pictures-cover-650x368.jpg
Affenhuahua,https://dogtime.com/dog-breeds/affenhuahua,https://www.dogtime.com/assets/uploads/2020/02/affenhuahua-mixed-dog-breed-pictures-COVER-650x368.jpg
Affenpinscher,https://dogtime.com/dog-breeds/affenpinscher,https://www.dogtime.com/assets/uploads/2011/01/file_23096_affenpinscher-300x189.jpg
Afghan Hound,https://dogtime.com/dog-breeds/afghan-hound,https://www.dogtime.com/assets/uploads/2011/01/file_23004_afghan-hound-300x189.jpg
Airedale Terrier,https://dogtime.com/dog-breeds/airedale-terrier,https://www.dogtime.com/assets/uploads/2011/01/file_23050_airedale-terrier-300x189.jpg
Akbash,https://dogtime.com/dog-breeds/akbash,https://www.dogtime.com/assets/uploads/2019/12/akbash-dog-breed-pictures-cover-650x368.jpg
Akita,https://dogtime.com/dog-breeds/akita,https://www.dogtime.com/assets/uploads/2011/01/file_22906_akita-300x189.jpg
Akita Chow,https://dogtime.com/dog-breeds/akita-chow,https://www.dogtime.com/assets/uploads/2020/04/akita-chow-mixed-dog-breed-pictures-cover-650x368.jpg
Akita Pit,https://dogtime.com/dog-breeds/akita-pit,https://www.dogtime.com/assets/uploads/2020/02/akita-pit-mixed-dog-breed-pictures-COVER-650x368.jpg
Akita Shepherd,https://dogtime.com/dog-breeds/akita-shepherd,https://www.dogtime.com/assets/uploads/2020/03/akita-shepherd-mixed-dog-breed-pictures-cover-650x368.jpg
Alaskan Klee Kai,https://dogtime.com/dog-breeds/alaskan-klee-kai,https://www.dogtime.com/assets/uploads/2017/11/alaskan-klee-kai-breed-pictures-cover-650x368.jpg
Alaskan Malamute,https://dogtime.com/dog-breeds/alaskan-malamute,https://www.dogtime.com/assets/uploads/2011/01/file_22908_alaskan-malamute-300x189.jpg
American Bulldog,https://dogtime.com/dog-breeds/american-bulldog,https://www.dogtime.com/assets/uploads/2017/12/american-bulldog-breed-pictures-9-650x368.jpg
American English Coonhound,https://dogtime.com/dog-breeds/american-english-coonhound,https://www.dogtime.com/assets/uploads/2011/01/file_23236_american-english-coonhound-300x189.jpg
American Eskimo Dog,https://dogtime.com/dog-breeds/american-eskimo-dog,https://www.dogtime.com/assets/uploads/2011/01/file_23134_american-eskimo-dog-300x189.jpg
American Foxhound,https://dogtime.com/dog-breeds/american-foxhound,https://www.dogtime.com/assets/uploads/2011/01/file_23006_american-foxhound-300x189.jpg
American Hairless Terrier,https://dogtime.com/dog-breeds/american-hairless-terrier,https://www.dogtime.com/assets/uploads/2020/04/american-hairless-terrier-dog-breed-pictures-cover-650x368.jpg
American Leopard Hound,https://dogtime.com/dog-breeds/american-leopard-hound,https://www.dogtime.com/assets/uploads/2019/09/american-leopard-hound-dog-breed-picture-cover-650x368.jpg
American Pit Bull Terrier,https://dogtime.com/dog-breeds/american-pit-bull-terrier,https://www.dogtime.com/assets/uploads/2011/01/file_23052_pitbull-dog-breed-pittie-300x189.jpg
American Pugabull,https://dogtime.com/dog-breeds/american-pugabull,https://www.dogtime.com/assets/uploads/2019/08/american-pugabull-mixed-dog-breed-pictures-cover-650x368.jpg
American Staffordshire Terrier,https://dogtime.com/dog-breeds/american-staffordshire-terrier,https://www.dogtime.com/assets/uploads/2018/01/american-staffordshire-terrier-dog-breed-pictures-cover-650x368.jpg
American Water Spaniel,https://dogtime.com/dog-breeds/american-water-spaniel,https://www.dogtime.com/assets/uploads/2011/01/file_22954_american-water-spaniel-300x189.jpg
Anatolian Shepherd Dog,https://dogtime.com/dog-breeds/anatolian-shepherd-dog,https://www.dogtime.com/assets/uploads/2011/01/file_22910_anatolian-shepherd-dog-300x189.jpg
Appenzeller Sennenhunde,https://dogtime.com/dog-breeds/appenzeller-sennenhunde,https://www.dogtime.com/assets/uploads/2011/01/file_23244_what-is-the-appenzeller-sennenhunde-dog-300x189.jpg
Auggie,https://dogtime.com/dog-breeds/auggie,https://www.dogtime.com/assets/uploads/2019/09/auggie-mixed-dog-breed-pictures-cover-650x368.jpg
Aussiedoodle,https://dogtime.com/dog-breeds/aussiedoodle,https://www.dogtime.com/assets/uploads/2019/07/aussiedoodle-mixed-dog-breed-pictures-cover-650x368.jpg
Aussiepom,https://dogtime.com/dog-breeds/aussiepom,https://www.dogtime.com/assets/uploads/2019/07/aussiepom-mixed-dog-breed-pictures-cover-650x368.jpg
Australian Cattle Dog,https://dogtime.com/dog-breeds/australian-cattle-dog,https://www.dogtime.com/assets/uploads/2011/01/file_23166_australian-cattle-dog-300x189.jpg
Australian Kelpie,https://dogtime.com/dog-breeds/australian-kelpie,https://www.dogtime.com/assets/uploads/2018/04/australian-kelpie-dog-breed-pictures-header-650x368.jpg
Australian Retriever,https://dogtime.com/dog-breeds/australian-retriever,https://www.dogtime.com/assets/uploads/2019/10/australian-retriever-mixed-dog-breed-pictures-cover-650x368.jpg
Australian Shepherd,https://dogtime.com/dog-breeds/australian-shepherd,https://www.dogtime.com/assets/uploads/2011/01/file_23168_australian-shepherd-300x189.jpg
Australian Shepherd Husky,https://dogtime.com/dog-breeds/australian-shepherd-husky,https://www.dogtime.com/assets/uploads/2019/12/australian-shepherd-husky-mixed-dog-breed-pictures-cover-650x368.jpg
Australian Shepherd Lab Mix,https://dogtime.com/dog-breeds/australian-shepherd-lab-mix,https://www.dogtime.com/assets/uploads/2019/12/australian-shepherd-lab-mixed-dog-breed-pictures-cover-650x368.jpg
Australian Shepherd Pit Bull Mix,https://dogtime.com/dog-breeds/australian-shepherd-pit-bull-mix,https://www.dogtime.com/assets/uploads/2020/01/australian-shepherd-pit-bull-mixed-dog-breed-pictures-cover-650x368.jpg
Australian Stumpy Tail Cattle Dog,https://dogtime.com/dog-breeds/australian-stumpy-tail-cattle-dog,https://www.dogtime.com/assets/uploads/2020/05/Australian-Stumpy-Tail-Cattle-Dog-cover-650x368.jpg
Australian Terrier,https://dogtime.com/dog-breeds/australian-terrier,https://www.dogtime.com/assets/uploads/2011/01/file_23054_australian-terrier-300x189.jpg
Azawakh,https://dogtime.com/dog-breeds/azawakh,https://www.dogtime.com/assets/uploads/2011/01/file_23286_azawakh-300x189.jpg
Barbet,https://dogtime.com/dog-breeds/barbet,https://www.dogtime.com/assets/uploads/2011/01/file_23288_barbet-300x189.jpg
Basenji,https://dogtime.com/dog-breeds/basenji,https://www.dogtime.com/assets/uploads/2011/01/file_23008_basenji-300x189.jpg
Bassador,https://dogtime.com/dog-breeds/bassador,https://www.dogtime.com/assets/uploads/2019/07/bassador-mixed-breed-dog-pictures-cover-650x368.jpg
Basset Fauve de Bretagne,https://dogtime.com/dog-breeds/basset-fauve-de-bretagne,https://www.dogtime.com/assets/uploads/2019/09/Basset-Fauve-de-Bretagne-dog-breed-pictures-cover-650x368.jpg
Basset Hound,https://dogtime.com/dog-breeds/basset-hound,https://www.dogtime.com/assets/uploads/2011/01/file_23010_basset-hound-300x189.jpg
Basset Retriever,https://dogtime.com/dog-breeds/basset-retriever,https://www.dogtime.com/assets/uploads/2019/11/basset-retriever-mixed-dog-breed-pictures-cover-650x368.jpg
Bavarian Mountain Scent Hound,https://dogtime.com/dog-breeds/bavarian-mountain-scent-hound,https://www.dogtime.com/assets/uploads/2019/09/Bavarian-Mountain-Scent-Hound-dog-breed-pictures-cover-650x368.jpg
Beabull,https://dogtime.com/dog-breeds/beabull,https://www.dogtime.com/assets/uploads/2019/12/beabull-mixed-dog-breed-pictures-cover-650x368.jpg
Beagle,https://dogtime.com/dog-breeds/beagle,https://www.dogtime.com/assets/uploads/2011/01/file_23012_beagle-300x189.jpg
Beaglier,https://dogtime.com/dog-breeds/beaglier,https://www.dogtime.com/assets/uploads/2019/11/beaglier-mixed-dog-breed-pictures-cover-650x368.jpg
Bearded Collie,https://dogtime.com/dog-breeds/bearded-collie,https://www.dogtime.com/assets/uploads/2011/01/file_23170_bearded-collie-300x189.jpg
Bedlington Terrier,https://dogtime.com/dog-breeds/bedlington-terrier,https://www.dogtime.com/assets/uploads/2011/01/file_23056_bedlington-terrier-300x189.jpg
Belgian Malinois,https://dogtime.com/dog-breeds/belgian-malinois,https://www.dogtime.com/assets/uploads/2011/01/file_23172_belgian-malinois-300x189.jpg
Belgian Sheepdog,https://dogtime.com/dog-breeds/belgian-sheepdog,https://www.dogtime.com/assets/uploads/2011/01/file_23174_belgian-sheepdog-300x189.jpg
Belgian Tervuren,https://dogtime.com/dog-breeds/belgian-tervuren,https://www.dogtime.com/assets/uploads/2011/01/file_23176_belgian-tervuren-300x189.jpg
Bergamasco Sheepdog,https://dogtime.com/dog-breeds/bergamasco-sheepdog,https://www.dogtime.com/assets/uploads/2020/05/Bergamasco-Sheepdog-breed-pictures-cover-650x368.jpg
Berger Picard,https://dogtime.com/dog-breeds/berger-picard,https://www.dogtime.com/assets/uploads/2011/01/file_23290_berger-picard-300x189.jpg
Bernedoodle,https://dogtime.com/dog-breeds/bernedoodle,https://www.dogtime.com/assets/uploads/2017/10/bernedoodle-dog-breed-pictures-cover-650x368.jpg
Bernese Mountain Dog,https://dogtime.com/dog-breeds/bernese-mountain-dog,https://www.dogtime.com/assets/uploads/2011/01/file_22912_bernese-mountain-dog-300x189.jpg
Bichon Frise,https://dogtime.com/dog-breeds/bichon-frise,https://www.dogtime.com/assets/uploads/2011/01/file_23136_bichon-frise-300x189.jpg
Biewer Terrier,https://dogtime.com/dog-breeds/biewer-terrier,https://www.dogtime.com/assets/uploads/2019/08/biewer-terrier-dog-breed-pictures-cover-650x368.jpg
Black and Tan Coonhound,https://dogtime.com/dog-breeds/black-and-tan-coonhound,https://www.dogtime.com/assets/uploads/2011/01/file_23014_black-and-tan-coonhound-300x189.jpg
Black Mouth Cur,https://dogtime.com/dog-breeds/black-mouth-cur,https://www.dogtime.com/assets/uploads/2017/11/black-mouth-cur-dog-breed-pictures-cover-650x368.jpg
Black Russian Terrier,https://dogtime.com/dog-breeds/black-russian-terrier,https://www.dogtime.com/assets/uploads/2011/01/file_22914_black-russian-terrier-300x189.jpg
Bloodhound,https://dogtime.com/dog-breeds/bloodhound,https://www.dogtime.com/assets/uploads/2011/01/file_23016_bloodhound-300x189.jpg
Blue Lacy,https://dogtime.com/dog-breeds/blue-lacy,https://www.dogtime.com/assets/uploads/2018/04/blue-lacy-dog-breed-pictures-header-650x368.jpg
Bluetick Coonhound,https://dogtime.com/dog-breeds/bluetick-coonhound,https://www.dogtime.com/assets/uploads/2011/01/file_23238_bluetick-coonhound-300x189.jpg
Bocker,https://dogtime.com/dog-breeds/bocker,https://www.dogtime.com/assets/uploads/2019/09/bocker-mixed-dog-breed-pictures-cover-650x368.jpg
Boerboel,https://dogtime.com/dog-breeds/boerboel,https://www.dogtime.com/assets/uploads/2018/01/boerboel-dog-breed-pictures-cover-650x368.jpg
Boglen Terrier,https://dogtime.com/dog-breeds/boglen-terrier,https://www.dogtime.com/assets/uploads/2019/09/boglen-terrier-mixed-dog-breed-pictures-cover-650x368.jpg
Bohemian Shepherd,https://dogtime.com/dog-breeds/bohemian-shepherd,https://www.dogtime.com/assets/uploads/2020/04/Bohemian-Shepherd-dog-breed-pictures-cover-650x368.jpg
Bolognese,https://dogtime.com/dog-breeds/bolognese,https://www.dogtime.com/assets/uploads/2011/01/file_23240_bolognese-300x189.jpg
Borador,https://dogtime.com/dog-breeds/borador,https://www.dogtime.com/assets/uploads/2019/09/borador-mixed-dog-breed-pictures-cover-650x368.jpg
Border Collie,https://dogtime.com/dog-breeds/border-collie,https://www.dogtime.com/assets/uploads/2011/01/file_23178_border-collie-300x189.jpg
Border Sheepdog,https://dogtime.com/dog-breeds/border-sheepdog,https://www.dogtime.com/assets/uploads/2019/11/border-sheepdog-mixed-dog-breed-pictures-cover-650x368.jpg
Border Terrier,https://dogtime.com/dog-breeds/border-terrier,https://www.dogtime.com/assets/uploads/2011/01/file_23058_border-terrier-300x189.jpg
Bordoodle,https://dogtime.com/dog-breeds/bordoodle,https://www.dogtime.com/assets/uploads/2019/09/bordoodle-mixed-dog-breed-pictures-cover-650x368.jpg
Borzoi,https://dogtime.com/dog-breeds/borzoi,https://www.dogtime.com/assets/uploads/2011/01/file_23018_borzoi-300x189.jpg
BoShih,https://dogtime.com/dog-breeds/boshih,https://www.dogtime.com/assets/uploads/2019/12/boshih-mixed-dog-breed-pictures-cover-650x368.jpg
Bossie,https://dogtime.com/dog-breeds/bossie,https://www.dogtime.com/assets/uploads/2019/11/bossie-mixed-dog-breed-pictures-cover-650x368.jpg
Boston Boxer,https://dogtime.com/dog-breeds/boston-boxer,https://www.dogtime.com/assets/uploads/2020/01/boston-boxer-mixed-dog-breed-pictures-cover-650x368.jpg
Boston Terrier,https://dogtime.com/dog-breeds/boston-terrier,https://www.dogtime.com/assets/uploads/2011/01/file_23138_boston-terrier-300x189.jpg
Boston Terrier Pekingese Mix,https://dogtime.com/dog-breeds/boston-terrier-pekingese-mix,https://www.dogtime.com/assets/uploads/2020/05/Boston-Terrier-Pekingese-Mixed-dog-breed-pictures-cover-650x368.jpg
Bouvier des Flandres,https://dogtime.com/dog-breeds/bouvier-des-flandres,https://www.dogtime.com/assets/uploads/2011/01/file_23180_bouvier-des-flandres-300x189.jpg
Boxador,https://dogtime.com/dog-breeds/boxador,https://www.dogtime.com/assets/uploads/2019/08/boxador-mixed-dog-breed-pictures-cover-650x368.jpg
Boxer,https://dogtime.com/dog-breeds/boxer,https://www.dogtime.com/assets/uploads/2011/01/file_22916_boxer-300x189.jpg
Boxerdoodle,https://dogtime.com/dog-breeds/boxerdoodle,https://www.dogtime.com/assets/uploads/2019/09/boxerdoodle-mixed-dog-breed-pictures-cover-650x368.jpg
Boxmatian,https://dogtime.com/dog-breeds/boxmatian,https://www.dogtime.com/assets/uploads/2019/09/boxmatian-mixed-dog-breed-pictures-cover-650x368.jpg
Boxweiler,https://dogtime.com/dog-breeds/boxweiler,https://www.dogtime.com/assets/uploads/2019/12/boxweiler-mixed-dog-breed-pictures-cover-650x368.jpg
Boykin Spaniel,https://dogtime.com/dog-breeds/boykin-spaniel,https://www.dogtime.com/assets/uploads/2011/01/file_23242_boykin-spaniel-300x189.jpg
Bracco Italiano,https://dogtime.com/dog-breeds/bracco-italiano,https://www.dogtime.com/assets/uploads/2019/11/Bracco-Italiano-dog-breed-pictures-cover-650x368.jpg
Braque du Bourbonnais,https://dogtime.com/dog-breeds/braque-du-bourbonnais,https://www.dogtime.com/assets/uploads/2019/09/Braque-du-Bourbonnais-dog-breed-pictures-cover-650x368.jpg
Briard,https://dogtime.com/dog-breeds/briard,https://www.dogtime.com/assets/uploads/2011/01/file_23182_briard-300x189.jpg
Brittany,https://dogtime.com/dog-breeds/brittany,https://www.dogtime.com/assets/uploads/2011/01/file_22956_brittany-300x189.jpg
Broholmer,https://dogtime.com/dog-breeds/broholmer,https://www.dogtime.com/assets/uploads/2019/09/Broholmer-dog-breed-pictures-cover-650x368.jpg
Brussels Griffon,https://dogtime.com/dog-breeds/brussels-griffon,https://www.dogtime.com/assets/uploads/2011/01/file_23098_brussels-griffon-300x189.jpg
Bugg,https://dogtime.com/dog-breeds/bugg,https://www.dogtime.com/assets/uploads/2019/12/bugg-mixed-dog-breed-pictures-cover-650x368.jpg
Bull Arab,https://dogtime.com/dog-breeds/bull-arab,https://www.dogtime.com/assets/uploads/2020/10/breeds-not-recognized-kennel-clubs-3-650x368.jpg
Bull-Pei,https://dogtime.com/dog-breeds/bull-pei,https://www.dogtime.com/assets/uploads/2020/03/bull-pei-mixed-dog-breed-pictures-cover-650x368.jpg
Bull Terrier,https://dogtime.com/dog-breeds/bull-terrier,https://www.dogtime.com/assets/uploads/2011/01/file_23060_bull-terrier-300x189.jpg
Bullador,https://dogtime.com/dog-breeds/bullador,https://www.dogtime.com/assets/uploads/2020/02/bullador-mixed-dog-breed-pictures-cover-650x368.jpg
Bullboxer Pit,https://dogtime.com/dog-breeds/bullboxer-pit,https://www.dogtime.com/assets/uploads/2019/07/bullboxer-pit-mixed-dog-breed-pictures-cover-650x368.jpg
Bulldog,https://dogtime.com/dog-breeds/bulldog,https://www.dogtime.com/assets/uploads/2011/01/file_23140_bulldog-300x189.jpg
Bullmastiff,https://dogtime.com/dog-breeds/bullmastiff,https://www.dogtime.com/assets/uploads/2011/01/file_22918_bullmastiff-300x189.jpg
Bullmatian,https://dogtime.com/dog-breeds/bullmatian,https://www.dogtime.com/assets/uploads/2019/07/bullmation-mixed-dog-breed-pictures-cover-650x368.jpg
Cairn Terrier,https://dogtime.com/dog-breeds/cairn-terrier,https://www.dogtime.com/assets/uploads/2011/01/file_23062_cairn-terrier-300x189.jpg
Canaan Dog,https://dogtime.com/dog-breeds/canaan-dog,https://www.dogtime.com/assets/uploads/2011/01/file_23184_canaan-dog-300x189.jpg
Cane Corso,https://dogtime.com/dog-breeds/cane-corso,https://www.dogtime.com/assets/uploads/2014/08/file_23300_cane-corso-dog-breed-650x410.jpg
Cardigan Welsh Corgi,https://dogtime.com/dog-breeds/cardigan-welsh-corgi,https://www.dogtime.com/assets/uploads/2011/11/file_23294_cardigan-welsh-corgi-300x189.jpg
Carolina Dog,https://dogtime.com/dog-breeds/carolina-dog,https://www.dogtime.com/assets/uploads/2020/04/carolina-dog-breed-pictures-cover-650x368.jpg
Catahoula Bulldog,https://dogtime.com/dog-breeds/catahoula-bulldog,https://www.dogtime.com/assets/uploads/2019/08/catahoula-bulldog-mixed-breed-pictures-cover-650x368.jpg
Catahoula Leopard Dog,https://dogtime.com/dog-breeds/catahoula-leopard-dog,https://www.dogtime.com/assets/uploads/2011/01/file_23278_catahoula-leopard-dog-300x189.jpg
Caucasian Shepherd Dog,https://dogtime.com/dog-breeds/caucasian-shepherd-dog,https://www.dogtime.com/assets/uploads/2018/01/caucasian-shepherd-dog-breed-pictures-cover-650x369.jpg
Cav-a-Jack,https://dogtime.com/dog-breeds/cav-a-jack,https://www.dogtime.com/assets/uploads/2019/10/cav-a-jack-mixed-dog-breed-pictures-cover-650x368.jpg
Cavachon,https://dogtime.com/dog-breeds/cavachon,https://www.dogtime.com/assets/uploads/2019/08/cavachon-mixed-dog-breed-pictures-cover-650x368.jpg
Cavador,https://dogtime.com/dog-breeds/cavador,https://www.dogtime.com/assets/uploads/2019/08/cavador-mixed-dog-breed-pictures-cover-650x368.jpg
Cavalier King Charles Spaniel,https://dogtime.com/dog-breeds/cavalier-king-charles-spaniel,https://www.dogtime.com/assets/uploads/2011/01/file_23100_cavalier-king-charles-spaniel-300x189.jpg
Cavapoo,https://dogtime.com/dog-breeds/cavapoo,https://www.dogtime.com/assets/uploads/2019/08/cavapoo-mixed-dog-breed-pictures-cover-650x368.jpg
Central Asian Shepherd Dog,https://dogtime.com/dog-breeds/central-asian-shepherd-dog,https://www.dogtime.com/assets/uploads/2020/06/central-asian-shepherd-dog-breed-pictures-cover-650x368.jpg
Cesky Terrier,https://dogtime.com/dog-breeds/cesky-terrier,https://www.dogtime.com/assets/uploads/2011/01/file_23270_cesky-terrier-dog-breed-300x189.jpg
Chabrador,https://dogtime.com/dog-breeds/chabrador,https://www.dogtime.com/assets/uploads/2019/08/chabrador-mixed-dog-breed-pictures-cover-650x368.jpg
Cheagle,https://dogtime.com/dog-breeds/cheagle,https://www.dogtime.com/assets/uploads/2019/07/cheagle-mixed-dog-breed-pictures-cover-650x368.jpg
Chesapeake Bay Retriever,https://dogtime.com/dog-breeds/chesapeake-bay-retriever,https://www.dogtime.com/assets/uploads/2011/01/file_22958_chesapeake-bay-retriever-300x189.jpg
Chi Chi,https://dogtime.com/dog-breeds/chi-chi,https://www.dogtime.com/assets/uploads/2020/01/chi-chi-mixed-dog-breed-pictures-cover-650x368.jpg
Chi-Poo,https://dogtime.com/dog-breeds/chi-poo,https://www.dogtime.com/assets/uploads/2019/08/chi-poo-mixed-dog-breed-pictures-cover-650x368.jpg
Chigi,https://dogtime.com/dog-breeds/chigi,https://www.dogtime.com/assets/uploads/2020/01/chigi-mixed-dog-breed-pictures-cover-650x368.jpg
Chihuahua,https://dogtime.com/dog-breeds/chihuahua,https://www.dogtime.com/assets/uploads/2011/01/file_23102_chihuahua-300x189.jpg
Chilier,https://dogtime.com/dog-breeds/chilier,https://www.dogtime.com/assets/uploads/2019/10/chilier-mixed-dog-breed-pictures-cover-650x368.jpg
Chinese Crested,https://dogtime.com/dog-breeds/chinese-crested,https://www.dogtime.com/assets/uploads/2011/01/file_23104_17524831-300x189.jpg
Chinese Shar-Pei,https://dogtime.com/dog-breeds/chinese-shar-pei,https://www.dogtime.com/assets/uploads/2011/01/file_23142_chinese-shar-pei-300x189.jpg
Chinook,https://dogtime.com/dog-breeds/chinook,https://www.dogtime.com/assets/uploads/2011/01/file_23232_chinook-300x189.jpg
Chion,https://dogtime.com/dog-breeds/chion,https://www.dogtime.com/assets/uploads/2020/01/chion-mixed-dog-breed-pictures-cover-650x368.jpg
Chipin,https://dogtime.com/dog-breeds/chipin,https://www.dogtime.com/assets/uploads/2019/07/chipin-mixed-dog-breed-pictures-cover-650x368.jpg
Chiweenie,https://dogtime.com/dog-breeds/chiweenie,https://www.dogtime.com/assets/uploads/2019/07/chiweenie-mixed-dog-breed-pictures-cover-650x368.jpg
Chorkie,https://dogtime.com/dog-breeds/chorkie,https://www.dogtime.com/assets/uploads/2020/01/chorkie-mixed-dog-breed-pictures-cover-650x368.jpg
Chow Chow,https://dogtime.com/dog-breeds/chow-chow,https://www.dogtime.com/assets/uploads/2011/01/file_23144_chow-chow-300x189.jpg
Chow Shepherd,https://dogtime.com/dog-breeds/chow-shepherd,https://www.dogtime.com/assets/uploads/2020/01/chow-shepherd-mixed-dog-breed-pictures-cover-650x368.jpg
Chug,https://dogtime.com/dog-breeds/chug,https://www.dogtime.com/assets/uploads/2019/07/chug-mixed-dog-breed-pictures-cover-650x368.jpg
Chusky,https://dogtime.com/dog-breeds/chusky,https://www.dogtime.com/assets/uploads/2019/08/chusky-mixed-dog-breed-pictures-cover-650x368.jpg
Cirneco dell’Etna,https://dogtime.com/dog-breeds/cirneco-delletna,https://www.dogtime.com/assets/uploads/2019/12/Cirneco-dellEtna-dog-breed-pictures-cover-650x368.jpg
Clumber Spaniel,https://dogtime.com/dog-breeds/clumber-spaniel,https://www.dogtime.com/assets/uploads/2011/01/file_22960_clumber-spaniel-300x189.jpg
Cockalier,https://dogtime.com/dog-breeds/cockalier,https://www.dogtime.com/assets/uploads/2019/10/cockalier-mixed-dog-breed-picture-cover-650x368.jpg
Cockapoo,https://dogtime.com/dog-breeds/cockapoo,https://www.dogtime.com/assets/uploads/2011/01/file_23218_cockapoo-dog-breed-300x189.jpg
Cocker Spaniel,https://dogtime.com/dog-breeds/cocker-spaniel,https://www.dogtime.com/assets/uploads/2011/01/file_22962_cocker-spaniel-300x189.jpg
Collie,https://dogtime.com/dog-breeds/collie,https://www.dogtime.com/assets/uploads/2011/01/file_23186_collie-300x189.jpg
Corgi Inu,https://dogtime.com/dog-breeds/corgi-inu,https://www.dogtime.com/assets/uploads/2019/08/corgi-inu-mixed-dog-breed-pictures-cover-650x368.jpg
Corgidor,https://dogtime.com/dog-breeds/corgidor,https://www.dogtime.com/assets/uploads/2019/07/corgidor-mixed-dog-breed-pictures-cover-650x368.jpg
Corman Shepherd,https://dogtime.com/dog-breeds/corman-shepherd,https://www.dogtime.com/assets/uploads/2019/11/corman-shepherd-mixed-dog-breed-pictures-cover-650x368.jpg
Coton de Tulear,https://dogtime.com/dog-breeds/coton-de-tulear,https://www.dogtime.com/assets/uploads/2011/01/file_23230_coton-de-tulear-300x189.jpg
Croatian Sheepdog,https://dogtime.com/dog-breeds/croatian-sheepdog,https://www.dogtime.com/assets/uploads/2020/05/croatian-sheepdog-breed-pictures-cover-650x368.jpg
Curly-Coated Retriever,https://dogtime.com/dog-breeds/curly-coated-retriever,https://www.dogtime.com/assets/uploads/2011/01/file_22964_curly-coated-retriever-300x189.jpg
Dachsador,https://dogtime.com/dog-breeds/dachsador,https://www.dogtime.com/assets/uploads/2019/09/dachsador-mixed-dog-breed-pictures-cover-650x368.jpg
Dachshund,https://dogtime.com/dog-breeds/dachshund,https://www.dogtime.com/assets/uploads/2011/01/file_23020_dachshund-dog-breed-300x189.jpg
Dalmatian,https://dogtime.com/dog-breeds/dalmatian,https://www.dogtime.com/assets/uploads/2011/01/file_23146_dalmatian-300x189.jpg
Dandie Dinmont Terrier,https://dogtime.com/dog-breeds/dandie-dinmont-terrier,https://www.dogtime.com/assets/uploads/2011/01/file_23064_dandie-dinmont-terrier-300x189.jpg
Daniff,https://dogtime.com/dog-breeds/daniff,https://www.dogtime.com/assets/uploads/2019/11/daniff-mixed-dog-breed-pictures-cover-650x368.jpg
Danish-Swedish Farmdog,https://dogtime.com/dog-breeds/danish-swedish-farmdog,https://www.dogtime.com/assets/uploads/2020/08/danish-swedish-farmdog-breed-pictures-cover-650x368.jpg
Deutscher Wachtelhund,https://dogtime.com/dog-breeds/deutscher-wachtelhund,https://www.dogtime.com/assets/uploads/2019/10/Deutscher-Wachtelhund-dog-breed-pictures-cover-650x368.jpg
Doberdor,https://dogtime.com/dog-breeds/doberdor,https://www.dogtime.com/assets/uploads/2019/08/doberdor-mixed-breed-dog-pictures-cover-650x368.jpg
Doberman Pinscher,https://dogtime.com/dog-breeds/doberman-pinscher,https://www.dogtime.com/assets/uploads/2011/01/file_22920_doberman-pinscher-300x189.jpg
Docker,https://dogtime.com/dog-breeds/docker,https://www.dogtime.com/assets/uploads/2019/07/docker-mixed-dog-breed-pictures-cover-650x368.jpg
Dogo Argentino,https://dogtime.com/dog-breeds/dogo-argentino,https://www.dogtime.com/assets/uploads/2017/12/dogo-argentino-breed-pictures-7-650x368.jpg
Dogue de Bordeaux,https://dogtime.com/dog-breeds/dogue-de-bordeaux,https://www.dogtime.com/assets/uploads/2011/01/file_23252_dogue-de-bordeaux-dog-breed-300x189.jpg
Dorgi,https://dogtime.com/dog-breeds/dorgi,https://www.dogtime.com/assets/uploads/2019/08/dorgi-mixed-dog-breed-pictures-cover-650x368.jpg
Dorkie,https://dogtime.com/dog-breeds/dorkie,https://www.dogtime.com/assets/uploads/2020/01/dorkie-mixed-dog-breed-pictures-cover-650x368.jpg
Doxiepoo,https://dogtime.com/dog-breeds/doxiepoo,https://www.dogtime.com/assets/uploads/2019/08/doxiepoo-mixed-dog-breed-pictures-cover-650x368.jpg
Doxle,https://dogtime.com/dog-breeds/doxle,https://www.dogtime.com/assets/uploads/2019/08/doxle-mixed-dog-breed-pictures-cover-650x368.jpg
Drentsche Patrijshond,https://dogtime.com/dog-breeds/drentsche-patrijshond,https://www.dogtime.com/assets/uploads/2019/10/Drentsche-Patrijshond-dog-breed-pictures-cover-650x368.jpg
Drever,https://dogtime.com/dog-breeds/drever,https://www.dogtime.com/assets/uploads/2019/11/drever-dog-breed-pictures-cover-650x368.jpg
Dutch Shepherd,https://dogtime.com/dog-breeds/dutch-shepherd,https://www.dogtime.com/assets/uploads/2018/01/dutch-shepherd-dog-breed-pictures-cover-650x368.jpg
English Cocker Spaniel,https://dogtime.com/dog-breeds/english-cocker-spaniel,https://www.dogtime.com/assets/uploads/2011/01/file_22966_english-cocker-spaniel-300x189.jpg
English Foxhound,https://dogtime.com/dog-breeds/english-foxhound,https://www.dogtime.com/assets/uploads/2011/01/file_23022_english-foxhound-300x189.jpg
English Setter,https://dogtime.com/dog-breeds/english-setter,https://www.dogtime.com/assets/uploads/2011/01/file_22968_english-setter-300x189.jpg
English Springer Spaniel,https://dogtime.com/dog-breeds/english-springer-spaniel,https://www.dogtime.com/assets/uploads/2011/01/file_22970_english-springer-spaniel-300x189.jpg
English Toy Spaniel,https://dogtime.com/dog-breeds/english-toy-spaniel,https://www.dogtime.com/assets/uploads/2011/01/file_23106_english-toy-spaniel-300x189.jpg
Entlebucher Mountain Dog,https://dogtime.com/dog-breeds/entlebucher-mountain-dog,https://www.dogtime.com/assets/uploads/2011/01/file_23262_entlebucher-mountain-dog-300x189.jpg
Estrela Mountain Dog,https://dogtime.com/dog-breeds/estrela-mountain-dog,https://www.dogtime.com/assets/uploads/2019/11/estrela-mountain-dog-breed-pictures-cover-650x368.jpg
Eurasier,https://dogtime.com/dog-breeds/eurasier,https://www.dogtime.com/assets/uploads/2019/08/eurasier-dog-breed-pictures-cover-650x368.jpg
Field Spaniel,https://dogtime.com/dog-breeds/field-spaniel,https://www.dogtime.com/assets/uploads/2011/01/file_22972_field-spaniel-300x189.jpg
Fila Brasileiro,https://dogtime.com/dog-breeds/fila-brasileiro,https://www.dogtime.com/assets/uploads/2020/06/Fila-Brasileiro-dog-breed-pictures-1-650x433.jpg
Finnish Lapphund,https://dogtime.com/dog-breeds/finnish-lapphund,https://www.dogtime.com/assets/uploads/2011/01/file_23258_finnish-lapphund-300x189.jpg
Finnish Spitz,https://dogtime.com/dog-breeds/finnish-spitz,https://www.dogtime.com/assets/uploads/2011/01/file_23148_finnish-spitz-300x189.jpg
Flat-Coated Retriever,https://dogtime.com/dog-breeds/flat-coated-retriever,https://www.dogtime.com/assets/uploads/2011/01/file_22974_flat-coated-retriever-300x189.jpg
Fox Terrier,https://dogtime.com/dog-breeds/fox-terrier,https://www.dogtime.com/assets/uploads/2011/01/file_23094_fox-terrier-300x189.jpg
French Bulldog,https://dogtime.com/dog-breeds/french-bulldog,https://www.dogtime.com/assets/uploads/2011/01/file_23150_french-bulldog-300x189.jpg
French Bullhuahua,https://dogtime.com/dog-breeds/french-bullhuahua,https://www.dogtime.com/assets/uploads/2020/03/french-bullhuahua-mixed-dog-breed-pictures-cover-650x368.jpg
French Spaniel,https://dogtime.com/dog-breeds/french-spaniel,https://www.dogtime.com/assets/uploads/2019/08/french-spaniel-dog-breed-picture-cover-650x368.jpg
Frenchton,https://dogtime.com/dog-breeds/frenchton,https://www.dogtime.com/assets/uploads/2020/01/frenchton-mixed-dog-breed-pictures-cover-650x368.jpg
Frengle,https://dogtime.com/dog-breeds/frengle,https://www.dogtime.com/assets/uploads/2020/02/frengle-mixed-dog-breed-pictures-cover-650x368.jpg
German Longhaired Pointer,https://dogtime.com/dog-breeds/german-longhaired-pointer,https://www.dogtime.com/assets/uploads/2020/05/german-longhaired-pointer-dog-breed-pictures-cover-650x368.jpg
German Pinscher,https://dogtime.com/dog-breeds/german-pinscher,https://www.dogtime.com/assets/uploads/2011/01/file_22922_german-pinscher-300x189.jpg
German Shepherd Dog,https://dogtime.com/dog-breeds/german-shepherd-dog,https://www.dogtime.com/assets/uploads/2011/01/file_23188_german-shepherd-dog-300x189.jpg
German Shepherd Pit Bull,https://dogtime.com/dog-breeds/german-shepherd-pit-bull,https://www.dogtime.com/assets/uploads/2020/02/german-shepherd-pit-bull-mixed-dog-breed-pictures-COVER-650x368.jpg
German Shepherd Rottweiler Mix,https://dogtime.com/dog-breeds/german-shepherd-rottweiler-mix,https://www.dogtime.com/assets/uploads/2020/04/german-shepherd-rottweiler-mixed-dog-breed-pictures-cover-650x368.jpg
German Sheprador,https://dogtime.com/dog-breeds/german-sheprador,https://www.dogtime.com/assets/uploads/2019/09/german-sheprador-mixed-dog-breed-pictures-cover-650x368.jpg
German Shorthaired Pointer,https://dogtime.com/dog-breeds/german-shorthaired-pointer,https://www.dogtime.com/assets/uploads/2011/01/file_22976_german-shorthaired-pointer-300x189.jpg
German Spitz,https://dogtime.com/dog-breeds/german-spitz,https://www.dogtime.com/assets/uploads/2019/10/german-spitz-dog-breed-pictures-cover-650x368.jpg
German Wirehaired Pointer,https://dogtime.com/dog-breeds/german-wirehaired-pointer,https://www.dogtime.com/assets/uploads/2011/01/file_22978_german-wirehaired-pointer-300x189.jpg
Giant Schnauzer,https://dogtime.com/dog-breeds/giant-schnauzer,https://www.dogtime.com/assets/uploads/2011/01/file_22924_giant-schnauzer-300x189.jpg
Glen of Imaal Terrier,https://dogtime.com/dog-breeds/glen-of-imaal-terrier,https://www.dogtime.com/assets/uploads/2011/01/file_23066_glen-of-imaal-terrier-300x189.jpg
Goberian,https://dogtime.com/dog-breeds/goberian,https://www.dogtime.com/assets/uploads/2019/07/goberian-mixed-dog-breed-pictures-cover-650x368.jpg
Goldador,https://dogtime.com/dog-breeds/goldador,https://www.dogtime.com/assets/uploads/2011/01/file_23214_goldador-300x189.jpg
Golden Cocker Retriever,https://dogtime.com/dog-breeds/golden-cocker-retriever,https://www.dogtime.com/assets/uploads/2019/10/golden-cocker-retriever-mixed-dog-breed-pictures-cover-1-650x368.jpg
Golden Mountain Dog,https://dogtime.com/dog-breeds/golden-mountain-dog,https://www.dogtime.com/assets/uploads/2019/10/golden-mountain-dog-mixed-dog-breed-pictures-cover-650x368.jpg
Golden Retriever,https://dogtime.com/dog-breeds/golden-retriever,https://www.dogtime.com/assets/uploads/2011/01/file_22980_golden-retriever-300x189.jpg
Golden Retriever Corgi,https://dogtime.com/dog-breeds/golden-retriever-corgi,https://www.dogtime.com/assets/uploads/2020/01/golden-retriever-corgi-mixed-dog-breed-pictures-cover-650x368.jpg
Golden Shepherd,https://dogtime.com/dog-breeds/golden-shepherd,https://www.dogtime.com/assets/uploads/2019/11/German-Shepherd-Golden-Retriever-mixed-dog-breed-pictures-cover-650x368.jpg
Goldendoodle,https://dogtime.com/dog-breeds/goldendoodle,https://www.dogtime.com/assets/uploads/2011/01/file_23204_goldendoodle-300x189.jpg
Gollie,https://dogtime.com/dog-breeds/gollie,https://www.dogtime.com/assets/uploads/2019/09/gollie-mixed-dog-breed-pictures-1-1-650x368.jpg
Gordon Setter,https://dogtime.com/dog-breeds/gordon-setter,https://www.dogtime.com/assets/uploads/2011/01/file_22982_gordon-setter-300x189.jpg
Great Dane,https://dogtime.com/dog-breeds/great-dane,https://www.dogtime.com/assets/uploads/2011/01/file_22926_great-dane-300x189.jpg
Great Pyrenees,https://dogtime.com/dog-breeds/great-pyrenees,https://www.dogtime.com/assets/uploads/2011/01/file_23202_great-pyrenees-300x189.jpg
Greater Swiss Mountain Dog,https://dogtime.com/dog-breeds/greater-swiss-mountain-dog,https://www.dogtime.com/assets/uploads/2011/01/file_22928_greater-swiss-mountain-dog-300x189.jpg
Greyador,https://dogtime.com/dog-breeds/greyador,https://www.dogtime.com/assets/uploads/2020/02/greyador-mixed-dog-breed-pictures-COVER-650x368.jpg
Greyhound,https://dogtime.com/dog-breeds/greyhound,https://www.dogtime.com/assets/uploads/2011/01/file_23024_greyhound-300x189.jpg
Hamiltonstovare,https://dogtime.com/dog-breeds/hamiltonstovare,https://www.dogtime.com/assets/uploads/2019/12/Hamiltonstovare-dog-breed-pictures-cover-650x368.jpg
Hanoverian Scenthound,https://dogtime.com/dog-breeds/hanoverian-scenthound,https://www.dogtime.com/assets/uploads/2019/11/Hanoverian-Scenthound-dog-breed-pictures-cover-650x368.jpg
Harrier,https://dogtime.com/dog-breeds/harrier,https://www.dogtime.com/assets/uploads/2011/01/file_23026_harrier-300x189.jpg
Havanese,https://dogtime.com/dog-breeds/havanese,https://www.dogtime.com/assets/uploads/2011/01/file_23108_havanese-300x189.jpg
Hokkaido,https://dogtime.com/dog-breeds/hokkaido,https://www.dogtime.com/assets/uploads/2019/08/hokkaido-dog-breed-pictures-cover-650x368.jpg
Horgi,https://dogtime.com/dog-breeds/horgi,https://www.dogtime.com/assets/uploads/2019/08/horgi-mixed-dog-breed-pictures-cover-650x368.jpg
Hovawart,https://dogtime.com/dog-breeds/hovawart,https://www.dogtime.com/assets/uploads/2020/09/hovawart-dog-breed-pictures-cover-650x368.jpg
Huskita,https://dogtime.com/dog-breeds/huskita,https://www.dogtime.com/assets/uploads/2019/12/huskita-mixed-dog-breed-pictures-cover-650x368.jpg
Huskydoodle,https://dogtime.com/dog-breeds/huskydoodle,https://www.dogtime.com/assets/uploads/2019/12/huskydoodle-mixed-dog-breed-pictures-cover-650x368.jpg
Ibizan Hound,https://dogtime.com/dog-breeds/ibizan-hound,https://www.dogtime.com/assets/uploads/2011/01/file_23028_ibizan-hound-300x189.jpg
Icelandic Sheepdog,https://dogtime.com/dog-breeds/icelandic-sheepdog,https://www.dogtime.com/assets/uploads/2011/01/file_23274_icelandic-sheepdog-300x189.jpg
Irish Red And White Setter,https://dogtime.com/dog-breeds/irish-red-and-white-setter,https://www.dogtime.com/assets/uploads/2011/01/file_23254_irish-red-and-white-setter-300x189.jpg
Irish Setter,https://dogtime.com/dog-breeds/irish-setter,https://www.dogtime.com/assets/uploads/2011/01/file_22984_irish-setter-300x189.jpg
Irish Terrier,https://dogtime.com/dog-breeds/irish-terrier,https://www.dogtime.com/assets/uploads/2011/01/file_23068_irish-terrier-300x189.jpg
Irish Water Spaniel,https://dogtime.com/dog-breeds/irish-water-spaniel,https://www.dogtime.com/assets/uploads/2011/01/file_22986_irish-water-spaniel-300x189.jpg
Irish Wolfhound,https://dogtime.com/dog-breeds/irish-wolfhound,https://www.dogtime.com/assets/uploads/2011/01/file_23030_irish-wolfhound-300x189.jpg
Italian Greyhound,https://dogtime.com/dog-breeds/italian-greyhound,https://www.dogtime.com/assets/uploads/2011/01/file_23110_italian-greyhound-300x189.jpg
Jack-A-Poo,https://dogtime.com/dog-breeds/jack-a-poo,https://www.dogtime.com/assets/uploads/2020/02/jack-a-poo-mixed-dog-breed-pictures-cover-650x368.jpg
Jack Chi,https://dogtime.com/dog-breeds/jack-chi,https://www.dogtime.com/assets/uploads/2019/07/jack-chi-mixed-dog-breed-pictures-cover-650x368.jpg
Jack Russell Terrier,https://dogtime.com/dog-breeds/jack-russell-terrier,https://www.dogtime.com/assets/uploads/2011/01/file_23080_jack-russell-terrier-300x189.jpg
Jackshund,https://dogtime.com/dog-breeds/jackshund,https://www.dogtime.com/assets/uploads/2020/02/jackshund-mixed-dog-breed-pictures-COVER-650x368.jpg
Japanese Chin,https://dogtime.com/dog-breeds/japanese-chin,https://www.dogtime.com/assets/uploads/2011/01/file_23112_japanese-chin-300x189.jpg
Japanese Spitz,https://dogtime.com/dog-breeds/japanese-spitz,https://www.dogtime.com/assets/uploads/2018/06/japanese-spitz-dog-breed-pictures-header-650x368.jpg
Korean Jindo Dog,https://dogtime.com/dog-breeds/jindo,https://www.dogtime.com/assets/uploads/2015/08/jindo-650x382.png
Kai Ken,https://dogtime.com/dog-breeds/kai-ken,https://www.dogtime.com/assets/uploads/2020/05/kai-ken-dog-breed-pictures-cover-650x368.jpg
Karelian Bear Dog,https://dogtime.com/dog-breeds/karelian-bear-dog,https://www.dogtime.com/assets/uploads/2018/04/karelian-bear-dog-header-650x368.jpg
Keeshond,https://dogtime.com/dog-breeds/keeshond,https://www.dogtime.com/assets/uploads/2011/01/file_23152_keeshond-300x189.jpg
Kerry Blue Terrier,https://dogtime.com/dog-breeds/kerry-blue-terrier,https://www.dogtime.com/assets/uploads/2011/01/file_23070_kerry-blue-terrier-300x189.jpg
King Shepherd,https://dogtime.com/dog-breeds/king-shepherd,https://www.dogtime.com/assets/uploads/2020/03/king-shepherd-dog-breed-picture-cover-650x368.jpg
Kishu Ken,https://dogtime.com/dog-breeds/kishu-ken,https://www.dogtime.com/assets/uploads/2020/06/kishu-ken-dog-breed-pictures-cover-650x368.jpg
Komondor,https://dogtime.com/dog-breeds/komondor,https://www.dogtime.com/assets/uploads/2011/01/file_22930_komondor-300x189.jpg
Kooikerhondje,https://dogtime.com/dog-breeds/kooikerhondje,https://www.dogtime.com/assets/uploads/2011/01/file_23266_kooikerhondje-300x189.jpg
Kuvasz,https://dogtime.com/dog-breeds/kuvasz,https://www.dogtime.com/assets/uploads/2011/01/file_22932_kuvasz-300x189.jpg
Kyi-Leo,https://dogtime.com/dog-breeds/kyi-leo,https://www.dogtime.com/assets/uploads/2019/07/kyi-leo-mixed-dog-breed-pictures-cover-650x368.jpg
Lab Pointer,https://dogtime.com/dog-breeds/lab-pointer,https://www.dogtime.com/assets/uploads/2019/09/lab-pointer-mixed-dog-breed-pictures-cover-650x368.jpg
Labernese,https://dogtime.com/dog-breeds/labernese,https://www.dogtime.com/assets/uploads/2019/08/labernese-mixed-dog-breed-pictures-cover-650x368.jpg
Labmaraner,https://dogtime.com/dog-breeds/labmaraner,https://www.dogtime.com/assets/uploads/2019/08/labmaraner-mixed-dog-breed-pictures-cover-650x368.jpg
Labrabull,https://dogtime.com/dog-breeds/labrabull,https://www.dogtime.com/assets/uploads/2019/08/Labrabull-mixed-dog-breed-pictures-cover-650x368.jpg
Labradane,https://dogtime.com/dog-breeds/labradane,https://www.dogtime.com/assets/uploads/2019/07/labradane-mixed-dog-breed-pictures-cover-650x368.jpg
Labradoodle,https://dogtime.com/dog-breeds/labradoodle,https://www.dogtime.com/assets/uploads/2011/01/file_23220_what-is-a-labradoodle-300x189.jpg
Labrador Retriever,https://dogtime.com/dog-breeds/labrador-retriever,https://www.dogtime.com/assets/uploads/2011/01/file_22988_labrador-retriever-300x189.jpg
Labrastaff,https://dogtime.com/dog-breeds/labrastaff,https://www.dogtime.com/assets/uploads/2019/09/labrastaff-mixed-dog-breed-picture-cover-650x368.jpg
Labsky,https://dogtime.com/dog-breeds/labsky,https://www.dogtime.com/assets/uploads/2019/07/labsky-mixed-dog-breed-pictures-cover-650x368.jpg
Lagotto Romagnolo,https://dogtime.com/dog-breeds/lagotto-romagnolo,https://www.dogtime.com/assets/uploads/2018/07/lagotto-romagnolo-dog-breed-pictures-header-650x368.jpg
Lakeland Terrier,https://dogtime.com/dog-breeds/lakeland-terrier,https://www.dogtime.com/assets/uploads/2011/01/file_23072_lakeland-terrier-300x189.jpg
Lancashire Heeler,https://dogtime.com/dog-breeds/lancashire-heeler,https://www.dogtime.com/assets/uploads/2011/01/file_23282_lancashire-heeler-300x189.jpg
Leonberger,https://dogtime.com/dog-breeds/leonberger,https://www.dogtime.com/assets/uploads/2011/01/file_23272_leonberger-dog-breed-300x189.jpg
Lhasa Apso,https://dogtime.com/dog-breeds/lhasa-apso,https://www.dogtime.com/assets/uploads/2011/01/file_23154_lhasa-apso-300x189.jpg
Lhasapoo,https://dogtime.com/dog-breeds/lhasapoo,https://www.dogtime.com/assets/uploads/2020/02/lhasapoo-mixed-dog-breed-pictures-cover-650x368.jpg
Lowchen,https://dogtime.com/dog-breeds/lowchen,https://www.dogtime.com/assets/uploads/2011/01/file_23156_lowchen-300x189.jpg
Maltese,https://dogtime.com/dog-breeds/maltese,https://www.dogtime.com/assets/uploads/2011/01/file_23114_maltese-300x189.jpg
Maltese Shih Tzu,https://dogtime.com/dog-breeds/maltese-shih-tzu,https://www.dogtime.com/assets/uploads/2011/01/file_23216_maltese-shih-tzu-300x189.jpg
Maltipoo,https://dogtime.com/dog-breeds/maltipoo,https://www.dogtime.com/assets/uploads/2011/01/file_23210_maltipoo-300x189.jpg
Manchester Terrier,https://dogtime.com/dog-breeds/manchester-terrier,https://www.dogtime.com/assets/uploads/2011/01/file_23224_manchester-terrier-300x189.jpg
Maremma Sheepdog,https://dogtime.com/dog-breeds/maremma-sheepdog,https://www.dogtime.com/assets/uploads/2020/07/Maremma-Sheepdog-breed-pictures-cover-650x368.jpg
Mastador,https://dogtime.com/dog-breeds/mastador,https://www.dogtime.com/assets/uploads/2019/09/mastador-mixed-dog-breed-picture-cover-650x368.jpg
Mastiff,https://dogtime.com/dog-breeds/mastiff,https://www.dogtime.com/assets/uploads/2011/01/file_22934_mastiff-300x189.jpg
Miniature Pinscher,https://dogtime.com/dog-breeds/miniature-pinscher,https://www.dogtime.com/assets/uploads/2011/01/file_23116_miniature-pinscher-300x189.jpg
Miniature Schnauzer,https://dogtime.com/dog-breeds/miniature-schnauzer,https://www.dogtime.com/assets/uploads/2011/01/file_23074_miniature-schnauzer-300x189.jpg
Morkie,https://dogtime.com/dog-breeds/morkie,https://www.dogtime.com/assets/uploads/2019/07/morkie-mixed-dog-breed-pictures-cover-650x368.jpg
Mountain Cur,https://dogtime.com/dog-breeds/mountain-cur,https://www.dogtime.com/assets/uploads/2020/07/mountain-cur-dog-breed-pictures-cover-650x368.jpg
Mudi,https://dogtime.com/dog-breeds/mudi,https://www.dogtime.com/assets/uploads/2018/04/mudi-dog-breed-pictures-header-650x368.jpg
Mutt (Mixed),https://dogtime.com/dog-breeds/mutt,https://www.dogtime.com/assets/uploads/2011/01/file_23228_mutt-300x189.jpg
Neapolitan Mastiff,https://dogtime.com/dog-breeds/neapolitan-mastiff,https://www.dogtime.com/assets/uploads/2011/01/file_22936_neapolitan-mastiff-300x189.jpg
Newfoundland,https://dogtime.com/dog-breeds/newfoundland,https://www.dogtime.com/assets/uploads/2011/01/file_22938_newfoundland-300x189.jpg
Norfolk Terrier,https://dogtime.com/dog-breeds/norfolk-terrier,https://www.dogtime.com/assets/uploads/2011/01/file_23076_norfolk-terrier-300x189.jpg
Northern Inuit Dog,https://dogtime.com/dog-breeds/northern-inuit-dog,https://www.dogtime.com/assets/uploads/2020/07/northern-inuit-dog-hybrid-breed-pictures-cover-650x368.jpg
Norwegian Buhund,https://dogtime.com/dog-breeds/norwegian-buhund,https://www.dogtime.com/assets/uploads/2011/01/file_23284_norwegian-buhund-300x189.jpg
Norwegian Elkhound,https://dogtime.com/dog-breeds/norwegian-elkhound,https://www.dogtime.com/assets/uploads/2011/01/file_23032_norwegian-elkhound-300x189.jpg
Norwegian Lundehund,https://dogtime.com/dog-breeds/norwegian-lundehund,https://www.dogtime.com/assets/uploads/2011/01/file_23276_norwegian-lundehund-300x189.jpg
Norwich Terrier,https://dogtime.com/dog-breeds/norwich-terrier,https://www.dogtime.com/assets/uploads/2011/01/file_23078_norwich-terrier-300x189.jpg
Nova Scotia Duck Tolling Retriever,https://dogtime.com/dog-breeds/nova-scotia-duck-tolling-retriever,https://www.dogtime.com/assets/uploads/2011/01/file_22990_nova-scotia-duck-tolling-retriever-300x189.jpg
Old English Sheepdog,https://dogtime.com/dog-breeds/old-english-sheepdog,https://www.dogtime.com/assets/uploads/2011/01/file_23190_old-english-sheepdog-300x189.jpg
Otterhound,https://dogtime.com/dog-breeds/otterhound,https://www.dogtime.com/assets/uploads/2011/01/file_23034_otterhound-300x189.jpg
Papillon,https://dogtime.com/dog-breeds/papillon,https://www.dogtime.com/assets/uploads/2011/01/file_23118_papillon-300x189.jpg
Papipoo,https://dogtime.com/dog-breeds/papipoo,https://www.dogtime.com/assets/uploads/2020/01/papipoo-mixed-dog-breed-pictures-cover-1-650x368.jpg
Patterdale Terrier,https://dogtime.com/dog-breeds/patterdale-terrier,https://www.dogtime.com/assets/uploads/2020/07/patterdale-terrier-dog-breed-pictures-cover-650x368.jpg
Peekapoo,https://dogtime.com/dog-breeds/peekapoo,https://www.dogtime.com/assets/uploads/2011/01/file_23222_peekapoo-300x189.jpg
Pekingese,https://dogtime.com/dog-breeds/pekingese,https://www.dogtime.com/assets/uploads/2011/01/file_23120_pekingese-300x189.jpg
Pembroke Welsh Corgi,https://dogtime.com/dog-breeds/pembroke-welsh-corgi,https://www.dogtime.com/assets/uploads/2011/01/file_23192_pembroke-welsh-corgi-300x189.jpg
Petit Basset Griffon Vendéen,https://dogtime.com/dog-breeds/petit-basset-griffon-vendeen,https://www.dogtime.com/assets/uploads/2011/01/file_23036_petit-basset-griffon-vendeen-300x189.jpg
Pharaoh Hound,https://dogtime.com/dog-breeds/pharaoh-hound,https://www.dogtime.com/assets/uploads/2011/01/file_23038_pharaoh-hound-300x189.jpg
Pitsky,https://dogtime.com/dog-breeds/pitsky,https://www.dogtime.com/assets/uploads/2019/07/pitsky-mixed-dog-breed-pictures-cover-650x368.jpg
Plott,https://dogtime.com/dog-breeds/plott,https://www.dogtime.com/assets/uploads/2011/01/file_23040_plott-300x189.jpg
Pocket Beagle,https://dogtime.com/dog-breeds/pocket-beagle,https://www.dogtime.com/assets/uploads/2011/01/file_23234_pocket-beagle-300x189.jpg
Pointer,https://dogtime.com/dog-breeds/pointer,https://www.dogtime.com/assets/uploads/2011/01/file_22992_pointer-300x189.jpg
Polish Lowland Sheepdog,https://dogtime.com/dog-breeds/polish-lowland-sheepdog,https://www.dogtime.com/assets/uploads/2011/01/file_23194_polish-lowland-sheepdog-300x189.jpg
Pomapoo,https://dogtime.com/dog-breeds/pomapoo,https://www.dogtime.com/assets/uploads/2019/08/pomapoo-mixed-dog-breed-pictures-cover-650x368.jpg
Pomchi,https://dogtime.com/dog-breeds/pomchi,https://www.dogtime.com/assets/uploads/2019/08/pomchi-mixed-dog-breed-pictures-cover-650x368.jpg
Pomeagle,https://dogtime.com/dog-breeds/pomeagle,https://www.dogtime.com/assets/uploads/2019/08/pomeagle-mixed-dog-breed-pictures-cover-650x368.jpg
Pomeranian,https://dogtime.com/dog-breeds/pomeranian,https://www.dogtime.com/assets/uploads/2011/01/file_23122_pomeranian-300x189.jpg
Pomsky,https://dogtime.com/dog-breeds/pomsky,https://www.dogtime.com/assets/uploads/2017/10/pomsky-dog-breed-pictures-header-300x170.jpg
Poochon,https://dogtime.com/dog-breeds/poochon,https://www.dogtime.com/assets/uploads/2019/07/poochon-mixed-dog-breed-pictures-cover-650x368.jpg
Poodle,https://dogtime.com/dog-breeds/poodle,https://www.dogtime.com/assets/uploads/2011/01/file_23200_poodle-300x189.jpg
Portuguese Podengo Pequeno,https://dogtime.com/dog-breeds/portuguese-podengo-pequeno,https://www.dogtime.com/assets/uploads/2019/09/Portuguese-Podengo-Pequeno-dog-breed-pictures-cover-650x368.jpg
Portuguese Pointer,https://dogtime.com/dog-breeds/portuguese-pointer,https://www.dogtime.com/assets/uploads/2020/07/portuguese-pointer-dog-breed-pictures-cover-650x368.jpg
Portuguese Sheepdog,https://dogtime.com/dog-breeds/portuguese-sheepdog,https://www.dogtime.com/assets/uploads/2020/07/portuguese-sheepdog-breed-pictures-cover-650x368.jpg
Portuguese Water Dog,https://dogtime.com/dog-breeds/portuguese-water-dog,https://www.dogtime.com/assets/uploads/2011/01/file_22940_portuguese-water-dog-300x189.jpg
Pug,https://dogtime.com/dog-breeds/pug,https://www.dogtime.com/assets/uploads/2011/01/file_23124_pug-300x189.jpg
Pugalier,https://dogtime.com/dog-breeds/pugalier,https://www.dogtime.com/assets/uploads/2019/11/pugalier-mixed-dog-breed-pictures-cover-650x368.jpg
Puggle,https://dogtime.com/dog-breeds/puggle,https://www.dogtime.com/assets/uploads/2011/01/file_23212_puggle-300x189.jpg
Puginese,https://dogtime.com/dog-breeds/puginese,https://www.dogtime.com/assets/uploads/2020/03/puginese-mixed-dog-breed-pictures-cover-650x368.jpg
Puli,https://dogtime.com/dog-breeds/puli,https://www.dogtime.com/assets/uploads/2011/01/file_23196_puli-300x189.jpg
Pyredoodle,https://dogtime.com/dog-breeds/pyredoodle,https://www.dogtime.com/assets/uploads/2020/03/pyredoodle-mixed-dog-breed-pictures-cover-650x368.jpg
Pyrenean Mastiff,https://dogtime.com/dog-breeds/pyrenean-mastiff,https://www.dogtime.com/assets/uploads/2020/08/Pyrenean-Mastiff-Dog-Breed-Pictures-cover-650x368.jpg
Pyrenean Shepherd,https://dogtime.com/dog-breeds/pyrenean-shepherd,https://www.dogtime.com/assets/uploads/2011/01/file_23246_pyrenean-shepherd-300x189.jpg
Rat Terrier,https://dogtime.com/dog-breeds/rat-terrier,https://www.dogtime.com/assets/uploads/2011/01/file_23226_rat-terrier-dog-breed-300x189.jpg
Redbone Coonhound,https://dogtime.com/dog-breeds/redbone-coonhound,https://www.dogtime.com/assets/uploads/2011/01/file_23248_redbone-coonhound-300x189.jpg
Rhodesian Ridgeback,https://dogtime.com/dog-breeds/rhodesian-ridgeback,https://www.dogtime.com/assets/uploads/2011/01/file_23042_rhodesian-ridgeback-300x189.jpg
Rottador,https://dogtime.com/dog-breeds/rottador,https://www.dogtime.com/assets/uploads/2019/11/rottador-mixed-dog-breed-pictures-cover-650x368.jpg
Rottle,https://dogtime.com/dog-breeds/rottle,https://www.dogtime.com/assets/uploads/2019/12/rottle-mixed-dog-breed-pictures-cover-650x368.jpg
Rottweiler,https://dogtime.com/dog-breeds/rottweiler,https://www.dogtime.com/assets/uploads/2011/01/file_22942_rottweiler-300x189.jpg
Saint Berdoodle,https://dogtime.com/dog-breeds/saint-berdoodle,https://www.dogtime.com/assets/uploads/2019/08/saint-berdoodle-mixed-dog-breed-pictures-cover-650x368.jpg
Saint Bernard,https://dogtime.com/dog-breeds/saint-bernard,https://www.dogtime.com/assets/uploads/2011/01/file_22944_saint-bernard-300x189.jpg
Saluki,https://dogtime.com/dog-breeds/saluki,https://www.dogtime.com/assets/uploads/2011/01/file_23044_saluki-300x189.jpg
Samoyed,https://dogtime.com/dog-breeds/samoyed,https://www.dogtime.com/assets/uploads/2011/01/file_22946_Samoyed-dog-breed-300x189.jpg
Samusky,https://dogtime.com/dog-breeds/samusky,https://www.dogtime.com/assets/uploads/2019/12/samusky-mixed-dog-breed-pictures-cover-650x368.jpg
Schipperke,https://dogtime.com/dog-breeds/schipperke,https://www.dogtime.com/assets/uploads/2011/01/file_23158_schipperke-300x189.jpg
Schnoodle,https://dogtime.com/dog-breeds/schnoodle,https://www.dogtime.com/assets/uploads/2011/01/file_23206_schnoodle-300x189.jpg
Scottish Deerhound,https://dogtime.com/dog-breeds/scottish-deerhound,https://www.dogtime.com/assets/uploads/2011/01/file_23046_scottish-deerhound-300x189.jpg
Scottish Terrier,https://dogtime.com/dog-breeds/scottish-terrier,https://www.dogtime.com/assets/uploads/2011/01/file_23082_scottish-terrier-300x189.jpg
Sealyham Terrier,https://dogtime.com/dog-breeds/sealyham-terrier,https://www.dogtime.com/assets/uploads/2011/01/file_23084_sealyham-terrier-300x189.jpg
Sheepadoodle,https://dogtime.com/dog-breeds/sheepadoodle,https://www.dogtime.com/assets/uploads/2020/01/sheepadoodle-mixed-dog-breed-pictures-cover-650x368.jpg
Shepsky,https://dogtime.com/dog-breeds/shepsky,https://www.dogtime.com/assets/uploads/2019/08/shepsky-mixed-dog-breed-pictures-cover-650x368.jpg
Shetland Sheepdog,https://dogtime.com/dog-breeds/shetland-sheepdog,https://www.dogtime.com/assets/uploads/2011/01/file_23198_shetland-sheepdog-300x189.jpg
Shiba Inu,https://dogtime.com/dog-breeds/shiba-inu,https://www.dogtime.com/assets/uploads/2011/01/file_23160_shiba-inu-300x189.jpg
Shichon,https://dogtime.com/dog-breeds/shichon,https://www.dogtime.com/assets/uploads/2020/01/shichon-mixed-dog-breed-pictures-cover-650x368.jpg
Shih-Poo,https://dogtime.com/dog-breeds/shih-poo,https://www.dogtime.com/assets/uploads/2019/07/shih-poo-mixed-dog-breed-pictures-cover-650x368.jpg
Shih Tzu,https://dogtime.com/dog-breeds/shih-tzu,https://www.dogtime.com/assets/uploads/2011/01/file_23126_shih-tzu-300x189.jpg
Shiloh Shepherd,https://dogtime.com/dog-breeds/shiloh-shepherd,https://www.dogtime.com/assets/uploads/2020/03/shiloh-shepherd-dog-breed-pictures-cover-650x368.jpg
Shiranian,https://dogtime.com/dog-breeds/shiranian,https://www.dogtime.com/assets/uploads/2019/09/shiranian-mixed-dog-breed-pictures-cover-650x368.jpg
Shollie,https://dogtime.com/dog-breeds/shollie,https://www.dogtime.com/assets/uploads/2019/11/shollie-mixed-dog-breed-pictures-cover-650x368.jpg
Shorkie,https://dogtime.com/dog-breeds/shorkie,https://www.dogtime.com/assets/uploads/2019/08/shorkie-mixed-dog-breed-pictures-cover-650x368.jpg
Siberian Husky,https://dogtime.com/dog-breeds/siberian-husky,https://www.dogtime.com/assets/uploads/2011/01/file_22948_siberian-husky-300x189.jpg
Silken Windhound,https://dogtime.com/dog-breeds/silken-windhound,https://www.dogtime.com/assets/uploads/2018/07/silken-windhound-dog-breed-pictures-cover-650x368.jpg
Silky Terrier,https://dogtime.com/dog-breeds/silky-terrier,https://www.dogtime.com/assets/uploads/2011/01/file_23128_silky-terrier-300x189.jpg
Skye Terrier,https://dogtime.com/dog-breeds/skye-terrier,https://www.dogtime.com/assets/uploads/2011/01/file_23086_skye-terrier-300x189.jpg
Sloughi,https://dogtime.com/dog-breeds/sloughi,https://www.dogtime.com/assets/uploads/2011/01/file_23260_sloughi-dog-breed-picture-300x189.jpg
Small Munsterlander Pointer,https://dogtime.com/dog-breeds/small-munsterlander-pointer,https://www.dogtime.com/assets/uploads/2011/01/file_23256_small-munsterlander-pointer-300x189.jpg
Soft Coated Wheaten Terrier,https://dogtime.com/dog-breeds/soft-coated-wheaten-terrier,https://www.dogtime.com/assets/uploads/2011/01/file_23088_soft-coated-wheaten-terrier-300x189.jpg
Spanish Mastiff,https://dogtime.com/dog-breeds/spanish-mastiff,https://www.dogtime.com/assets/uploads/2020/01/spanish-mastiff-dog-breed-pictures-cover-650x368.jpg
Spinone Italiano,https://dogtime.com/dog-breeds/spinone-italiano,https://www.dogtime.com/assets/uploads/2018/08/spinone-italiano-dog-breed-pictures-header-300x170.jpg
Springador,https://dogtime.com/dog-breeds/springador,https://www.dogtime.com/assets/uploads/2019/11/springador-mixed-dog-breed-pictures-cover-650x368.jpg
Stabyhoun,https://dogtime.com/dog-breeds/stabyhoun,https://www.dogtime.com/assets/uploads/2011/01/file_23264_Stabyhoun-dog-breed-300x189.jpg
Staffordshire Bull Terrier,https://dogtime.com/dog-breeds/staffordshire-bull-terrier,https://www.dogtime.com/assets/uploads/2011/01/file_23292_staffordshire-bull-terrier-300x189.jpg
Staffy Bull Bullmastiff,https://dogtime.com/dog-breeds/staffy-bull-bullmastiff,https://www.dogtime.com/assets/uploads/2020/07/staffy-bullmastiff-mixed-dog-breed-pictures-cover-650x368.jpg
Standard Schnauzer,https://dogtime.com/dog-breeds/standard-schnauzer,https://www.dogtime.com/assets/uploads/2011/01/file_22950_standard-schnauzer-300x189.jpg
Sussex Spaniel,https://dogtime.com/dog-breeds/sussex-spaniel,https://www.dogtime.com/assets/uploads/2011/01/file_22994_sussex-spaniel-300x189.jpg
Swedish Lapphund,https://dogtime.com/dog-breeds/swedish-lapphund,https://www.dogtime.com/assets/uploads/2020/08/swedish-lapphund-dog-breed-pictures-cover-650x368.jpg
Swedish Vallhund,https://dogtime.com/dog-breeds/swedish-vallhund,https://www.dogtime.com/assets/uploads/2014/06/file_23298_Swedish-Vallhund-dog-breed-300x189.jpg
Taiwan Dog,https://dogtime.com/dog-breeds/taiwan-dog,https://www.dogtime.com/assets/uploads/2020/07/taiwan-dog-breed-pictures-cover-650x368.jpg
Terripoo,https://dogtime.com/dog-breeds/terripoo,https://www.dogtime.com/assets/uploads/2020/01/terripoo-mixed-dog-breed-pictures-cover-650x368.jpg
Texas Heeler,https://dogtime.com/dog-breeds/texas-heeler,https://www.dogtime.com/assets/uploads/2020/02/texas-heeler-mixed-dog-breed-pictures-cover-650x368.jpg
Tibetan Mastiff,https://dogtime.com/dog-breeds/tibetan-mastiff,https://www.dogtime.com/assets/uploads/2011/01/file_22952_tibetan-mastiff-300x189.jpg
Tibetan Spaniel,https://dogtime.com/dog-breeds/tibetan-spaniel,https://www.dogtime.com/assets/uploads/2011/01/file_23162_tibetan-spaniel-300x189.jpg
Tibetan Terrier,https://dogtime.com/dog-breeds/tibetan-terrier,https://www.dogtime.com/assets/uploads/2011/01/file_23164_tibetan-terrier-300x189.jpg
Toy Fox Terrier,https://dogtime.com/dog-breeds/toy-fox-terrier,https://www.dogtime.com/assets/uploads/2011/01/file_23130_toy-fox-terrier-300x189.jpg
Transylvanian Hound,https://dogtime.com/dog-breeds/transylvanian-hound,https://www.dogtime.com/assets/uploads/2020/07/transylvanian-hound-dog-breed-pictures-cover-650x368.jpg
Treeing Tennessee Brindle,https://dogtime.com/dog-breeds/treeing-tennessee-brindle,https://www.dogtime.com/assets/uploads/2011/01/file_23280_what-is-a-treeing-tennessee-brindle-dog-300x189.jpg
Treeing Walker Coonhound,https://dogtime.com/dog-breeds/treeing-walker-coonhound,https://www.dogtime.com/assets/uploads/2011/01/file_23250_treeing-walker-coonhound-300x189.jpg
Valley Bulldog,https://dogtime.com/dog-breeds/valley-bulldog,https://www.dogtime.com/assets/uploads/2019/09/valley-bulldog-mixed-dog-breed-pictures-cover-650x368.jpg
Vizsla,https://dogtime.com/dog-breeds/vizsla,https://www.dogtime.com/assets/uploads/2011/01/file_22996_vizsla-300x189.jpg
Weimaraner,https://dogtime.com/dog-breeds/weimaraner,https://www.dogtime.com/assets/uploads/2011/01/file_22998_weimaraner-300x189.jpg
Welsh Springer Spaniel,https://dogtime.com/dog-breeds/welsh-springer-spaniel,https://www.dogtime.com/assets/uploads/2011/01/file_23000_welsh-springer-spaniel-300x189.jpg
Welsh Terrier,https://dogtime.com/dog-breeds/welsh-terrier,https://www.dogtime.com/assets/uploads/2011/01/file_23090_welsh-terrier-300x189.jpg
West Highland White Terrier,https://dogtime.com/dog-breeds/west-highland-white-terrier,https://www.dogtime.com/assets/uploads/2011/01/file_23092_west-highland-white-terrier-300x189.jpg
Westiepoo,https://dogtime.com/dog-breeds/westiepoo,https://www.dogtime.com/assets/uploads/2019/09/westiepoo-mixed-dog-breed-pictures-cover-650x368.jpg
Whippet,https://dogtime.com/dog-breeds/whippet,https://www.dogtime.com/assets/uploads/2011/01/file_23048_whippet-300x189.jpg
Whoodle,https://dogtime.com/dog-breeds/whoodle,https://www.dogtime.com/assets/uploads/2019/07/whoodle-mixed-dog-breed-pictures-cover-650x368.jpg
Wirehaired Pointing Griffon,https://dogtime.com/dog-breeds/wirehaired-pointing-griffon,https://www.dogtime.com/assets/uploads/2011/01/file_23002_wirehaired-pointing-griffon-300x189.jpg
Xoloitzcuintli,https://dogtime.com/dog-breeds/xoloitzuintli,https://www.dogtime.com/assets/uploads/2012/02/file_23296_Xoloitzcuintli-dog-breed-300x189.jpg
Yorkipoo,https://dogtime.com/dog-breeds/yorkipoo,https://www.dogtime.com/assets/uploads/2011/01/file_23208_yorkipoo-300x189.jpg
Yorkshire Terrier,https://dogtime.com/dog-breeds/yorkshire-terrier,https://www.dogtime.com/assets/uploads/2011/01/file_23132_yorkshire-terrier-300x189.jpg
